Amul Butter,Dove
Amul Butter,Flora
Amul Butter,Lurpak
Amul Butter,Munch
Amul Butter,Nutella
Amul Butter,Philadelphia
Amul Butter,Promise
Amul Butter,Primula
Amul Butter,Quaker
Amul Butter,Smart
Amul Butter,What are the different brands of Amul butter in India?
Amul Butter,There are different brands of Amul butter in India
Cadbury Dairy Milk Silk - Bubbly,chocolate
Cadbury Dairy Milk Silk - Bubbly,chocolate chip
Cadbury Dairy Milk Silk - Bubbly,chocolate bar
Cadbury Dairy Milk Silk - Bubbly,chocolate ice cream
Cadbury Dairy Milk Silk - Bubbly,chocolate syrup
Cadbury Dairy Milk Silk - Bubbly,chocolate cake
Cadbury Dairy Milk Silk - Bubbly,chocolate biscuit
Cadbury Dairy Milk Silk - Bubbly,chocolate chip cookie
Cadbury Dairy Milk Silk - Bubbly,chocolate wafer
Cadbury Dairy Milk Silk - Bubbly,chocolate chip cookie dough
Cadbury Dairy Milk Silk - Bubbly,chocolate chip cookie dough ice cream
Haldiram's Moong Dal,Haldiram's Instant Dal Mix
Haldiram's Moong Dal,Haldiram's Moong Dal
Haldiram's Moong Dal,Haldiram's Moong Dal Mix
Haldiram's Moong Dal,Haldiram's Moong Dal Powder
Haldiram's Moong Dal,Haldiram's Moong Dal Patna
Haldiram's Moong Dal,Haldiram's Moong Dal Panch Ratna
Haldiram's Moong Dal,Haldiram's Moong Dal Panch Ratna Mix
Haldiram's Moong Dal,Haldiram's Moong Dal Tarka
Haldiram's Moong Dal,Haldiram's Moong Dal
Haldiram's Moong Dal,Haldiram's Moong Dal Mix
Haldiram's Moong Dal,Haldiram's Moong Dal Powder
Maggi 2-Minute Noodles - Masala,Noodles
Maggi 2-Minute Noodles - Masala,Noodles in soup
Maggi 2-Minute Noodles - Masala,Noodles in curry
Maggi 2-Minute Noodles - Masala,Noodles in chilli
Maggi 2-Minute Noodles - Masala,Instant Noodles
Maggi 2-Minute Noodles - Masala,Instant noodles in soup
Maggi 2-Minute Noodles - Masala,Instant noodles in curry
Maggi 2-Minute Noodles - Masala,Instant noodles in chilli
Maggi 2-Minute Noodles - Masala,Noodles in broth
Maggi 2-Minute Noodles - Masala,Instant Noodles in broth
Maggi 2-Minute Noodles - Masala,Instant noodles in broth
Maggi 2-Minute Noodles - Masala,Instant Noodles in sauce
Maggi 2-Minute Noodles - Masala,Instant noodles in sauce
Maggi 2-Minute Noodles - Masala,Instant noodles in tomato sauce
Maggi 2-Minute Noodles - Masala,Instant noodles in sweet and sour sauce
Maggi 2-Minute Noodles - Masala,Instant noodles in pesto sauce
Maggi 2-Minute Noodles - Masala,Instant noodles in mushroom sauce
Britannia Cake - Fruit Cake,Toffee
Britannia Cake - Fruit Cake,Chocolate
Britannia Cake - Fruit Cake,Fruit
Britannia Cake - Fruit Cake,Dried fruit
Britannia Cake - Fruit Cake,Bran
Britannia Cake - Fruit Cake,Jam
Britannia Cake - Fruit Cake,Jelly
Britannia Cake - Fruit Cake,Brandy
Britannia Cake - Fruit Cake,Rum
Britannia Cake - Fruit Cake,Liquor
MDH Kitchen King Masala,Curry
MDH Kitchen King Masala,Gravy
MDH Kitchen King Masala,Jalfrezi
MDH Kitchen King Masala,Jalfrazi
MDH Kitchen King Masala,Korma
MDH Kitchen King Masala,Kurma
MDH Kitchen King Masala,Madras
MDH Kitchen King Masala,Tikka
MDH Kitchen King Masala,Vindaloo
MDH Kitchen King Masala,Thai
MDH Kitchen King Masala,Lemon
MDH Kitchen King Masala,Lime
MDH Kitchen King Masala,Miscellaneous
MDH Kitchen King Masala,Name
MDH Kitchen King Masala,Optimus Prime
MDH Kitchen King Masala,Examples
MDH Kitchen King Masala,Taco
MDH Kitchen King Masala,Tortilla
MDH Kitchen King Masala,Pizza
MDH Kitchen King Masala,Pretzel
MDH Kitchen King Masala,Nacho
MDH Kitchen King Masala,Food
MDH Kitchen King Masala,Fruit
MDH Kitchen King Masala,Vegetables
MDH Kitchen King Masala,Meat
MDH Kitchen King Masala,Bread
MDH Kitchen King Masala,Desserts
MDH Kitchen King Masala,Cookies
MDH Kitchen King Masala,Donuts
MDH Kitchen King Masala,Cakes
MDH Kitchen King Masala,Pancakes
MDH Kitchen King Masala,Brownies
MDH Kitchen King Masala,Desserts
MDH Kitchen King Masala,Ice Cream
MDH Kitchen King Masala,Coffee
MDH Kitchen King Masala,Tea
MDH Kitchen King Masala,Alcohol
MDH Kitchen King Masala,Beer
MDH Kitchen King Masala,Wine
MDH Kitchen King Masala,Lemonade
MDH Kitchen King Masala,Water
MDH Kitchen King Masala,Macaroni
MDH Kitchen King Masala,Ziti
MDH Kitchen King Masala,Spaghetti
MDH Kitchen King Masala,Lasagna
MDH Kitchen King Masala,Eggplant
TATA Sampann Masoor Dal,Bengal Gram Dal
TATA Sampann Masoor Dal,Kitchen King Red Lentils
TATA Sampann Masoor Dal,Natures Gift Rice
TATA Sampann Masoor Dal,Chana Masala
TATA Sampann Masoor Dal,Anardana
TATA Sampann Masoor Dal,Dal
TATA Sampann Masoor Dal,Chana
TATA Sampann Masoor Dal,Masoor
TATA Sampann Masoor Dal,Sleg
TATA Sampann Masoor Dal,Mung Dal
TATA Sampann Masoor Dal,Masaur
TATA Sampann Masoor Dal,Rajma
Knorr Cup-a-Soup - Tomato Chatpata,Cup-a-Soup - Tomato
Knorr Cup-a-Soup - Tomato Chatpata,Cup-a-Soup - Chicken
Knorr Cup-a-Soup - Tomato Chatpata,Cup-a-Soup - Tomato with Rice
Knorr Cup-a-Soup - Tomato Chatpata,Cup-a-Soup - Cream of Mushroom
Knorr Cup-a-Soup - Tomato Chatpata,Cup-a-Soup - Thai Sweet Chili
Knorr Cup-a-Soup - Tomato Chatpata,Cup-a-Soup - Vegetable
Knorr Cup-a-Soup - Tomato Chatpata,Cup-a-Soup - Lentil
Knorr Cup-a-Soup - Tomato Chatpata,Cup-A-Soup - Quinoa
Knorr Cup-a-Soup - Tomato Chatpata,Cup-a-Soup - Butternut Squash
Knorr Cup-a-Soup - Tomato Chatpata,Cup-a-Soup - Lentil
Knorr Cup-a-Soup - Tomato Chatpata,Cup-a-Soup - Lentil
Haldiram's Aloo Bhujia,Natan's Aloo Tikki
Haldiram's Aloo Bhujia,Bikanerwala Aloo Tikki
Haldiram's Aloo Bhujia,Patak's Aloo Tikki
Haldiram's Aloo Bhujia,Patak's Potato Patties
Haldiram's Aloo Bhujia,Bikanerwala Potato Patties
Haldiram's Aloo Bhujia,Haldiram's Potato Patties
Haldiram's Aloo Bhujia,Natan's Potato Patties
Haldiram's Aloo Bhujia,Haldiram's Aloo Bhujia
Haldiram's Aloo Bhujia,Natan's Aloo Tikki
Haldiram's Aloo Bhujia,Bikanerwala Aloo Tikki
Haldiram's Aloo Bhujia,Patak's Aloo Tikki
Haldiram's Aloo Bhujia,Patak's Potato Patties
Haldiram's Aloo Bhujia,Bikanerwala Potato Patties
Haldiram's Aloo Bhujia,Haldiram's Potato Patties
MTR,cola
MTR,spaghetti
MTR,chocolate
MTR,toast
MTR,juice
MTR,cheese
MTR,lettuce
MTR,cereal
MTR,fries
MTR,ice cream
Parle-G Biscuits,Haldiram's
Parle-G Biscuits,Oreo
Parle-G Biscuits,Alpen
Parle-G Biscuits,Figaro
Parle-G Biscuits,Lays
Parle-G Biscuits,Oreo Minis
Parle-G Biscuits,Cadbury's Fingers
Parle-G Biscuits,Oreo Chocolate Wafers
Parle-G Biscuits,Trident
Parle-G Biscuits,Nips
Rasna Fruit Juice Concentrate - Orange,Fanta Orange
Rasna Fruit Juice Concentrate - Orange,Pineapple Orange Juice
Rasna Fruit Juice Concentrate - Orange,Minute Maid Fruit Punch
Rasna Fruit Juice Concentrate - Orange,Minute Maid Orange Juice
Rasna Fruit Juice Concentrate - Orange,Tropicana Orange Juice
Patanjali Atta Noodles - Classic Masala,Pawar Atta Noodles
Patanjali Atta Noodles - Classic Masala,Atta Noodles
Patanjali Atta Noodles - Classic Masala,Atta Noodles
Patanjali Atta Noodles - Classic Masala,Nissin Atta Noodle
Patanjali Atta Noodles - Classic Masala,Nissin Atta Noodle
Patanjali Atta Noodles - Classic Masala,Nissin Atta Noodle
Patanjali Atta Noodles - Classic Masala,Nissin Atta Noodle
Patanjali Atta Noodles - Classic Masala,Nissin Atta Noodle
Patanjali Atta Noodles - Classic Masala,Nissin Atta Noodle
Patanjali Atta Noodles - Classic Masala,Nissin Atta Noodle
Patanjali Atta Noodles - Classic Masala,Nissin Atta Noodle
Patanjali Atta Noodles - Classic Masala,Nissin Atta Noodle
Patanjali Atta Noodles - Classic Masala,Nissin Atta Noodle
Patanjali Atta Noodles - Classic Masala,Nissin Atta Noodle
Patanjali Atta Noodles - Classic Masala,Nissin Atta Noodle
Patanjali Atta Noodles - Classic Masala,Nissin Atta Noodle
Patanjali Atta Noodles - Classic Masala,Nissin Atta Noodle
Patanjali Atta Noodles - Classic Masala,Nissin Atta Noodle
Patanjali Atta Noodles - Classic Masala,Nissin Atta Noodle
Patanjali Atta Noodles - Classic Masala,Nissin Atta Noodle
Patanjali Atta Noodles - Classic Masala,Nissin Atta Noodle
Patanjali Atta Noodles - Classic Masala,Nissin Atta Noodle
Patanjali Atta Noodles - Classic Masala,Nissin Atta Noodle
Patanjali Atta Noodles - Classic Masala,Nissin Atta Noodle
Patanjali Atta Noodles - Classic Masala,Nissin Atta Noodle
Patanjali Atta Noodles - Classic Masala,Nissin Atta Noodle
Patanjali Atta Noodles - Classic Masala,Nissin Atta Noodle
Patanjali Atta Noodles - Classic Masala,Nissin Atta Noodle
Patanjali Atta Noodles - Classic Masala,Nissin Atta Noodle
Patanjali Atta Noodles - Classic Masala,Nissin Atta Noodle
Patanjali Atta Noodles - Classic Masala,Nissin Atta Noodle
Patanjali Atta Noodles - Classic Masala,Nissin Atta Noodle
Patanjali Atta Noodles - Classic Masala,Nissin Atta Noodle
Patanjali Atta Noodles - Classic Masala,Nissin Atta Noodle
Patanjali Atta Noodles - Classic Masala,Nissin Atta Noodle
Patanjali Atta Noodles - Classic Masala,Nissin Atta Noodle
Patanjali Atta Noodles - Classic Masala,Nissin Atta Noodle
Patanjali Atta Noodles - Classic Masala,Nissin Atta Noodle
Patanjali Atta Noodles - Classic Masala,Nissin Atta Noodle
Patanjali Atta Noodles - Classic Masala,Nissin Atta Noodle
Patanjali Atta Noodles - Classic Masala,Nissin Atta Noodle
Patanjali Atta Noodles - Classic Masala,Nissin Atta Noodle
Patanjali Atta Noodles - Classic Masala,Nissin Atta Noodle
Patanjali Atta Noodles - Classic Masala,Nissin Atta Noodle
Patanjali Atta Noodles - Classic Masala,Nissin Atta Noodle
Patanjali Atta Noodles - Classic Masala,Nissin Atta Noodle
Patanjali Atta Noodles - Classic Masala,Nissin Atta Noodle
Patanjali Atta Noodles - Classic Masala,Nissin Atta Noodle
Patanjali Atta Noodles - Classic Masala,Nissin Atta Noodle
Patanjali Atta Noodles - Classic Masala,Nissin Atta Noodle
Patanjali Atta Noodles - Classic Masala,Nissin Atta Noodle
Patanjali Atta Noodles - Classic Masala,Nissin Atta Noodle
Patanjali Atta Noodles - Classic Masala,Nissin Atta Noodle
Patanjali Atta Noodles - Classic Masala,Nissin Atta Noodle
Patanjali Atta Noodles - Classic Masala,Nissin Atta Noodle
Patanjali Atta Noodles - Classic Masala,Nissin Atta Noodle
Patanjali Atta Noodles - Classic Masala,Nissin Atta Noodle
Patanjali Atta Noodles - Classic Masala,Nissin Atta Noodle
Patanjali Atta Noodles - Classic Masala,Nissin Atta Noodle
Patanjali Atta Noodles - Classic Masala,Nissin Atta Noodle
Patanjali Atta Noodles - Classic Masala,Nissin Atta Noodle
Patanjali Atta Noodles - Classic Masala,Nissin Atta Noodle
Patanjali Atta Noodles - Classic Masala,Nissin Atta Noodle
Patanjali Atta Noodles - Classic Masala,Nissin Atta Noodle
Patanjali Atta Noodles - Classic Masala,Nissin Atta Noodle
Patanjali Atta Noodles - Classic Masala,Nissin Atta Noodle
Patanjali Atta Noodles - Classic Masala,Nissin Atta Noodle
Patanjali Atta Noodles - Classic Masala,Nissin Atta Noodle
Patanjali Atta Noodles - Classic Masala,Nissin Atta Noodle
Patanjali Atta Noodles - Classic Masala,Nissin Atta Noodle
Patanjali Atta Noodles - Classic Masala,Nissin Atta Noodle
Patanjali Atta Noodles - Classic Masala,Nissin Atta Noodle
Patanjali Atta Noodles - Classic Masala,Pawar Atta Noodles
Patanjali Atta Noodles - Classic Masala,Pawar Atta Noodles
Patanjali Atta Noodles - Classic Masala,Pawar Atta Noodles
Patanjali Atta Noodles - Classic Masala,Pawar Atta Noodles
Patanjali Atta Noodles - Classic Masala,Pawar Atta Noodles
Patanjali Atta Noodles - Classic Masala,Pawar Atta Noodles
Patanjali Atta Noodles - Classic Masala,Pawar Atta Noodles
Patanjali Atta Noodles - Classic Masala,Pawar Atta Noodles
Patanjali Atta Noodles - Classic Masala,Pawar Atta Noodles
Patanjali Atta Noodles - Classic Masala,Pawar Atta Noodles
Patanjali Atta Noodles - Classic Masala,Pawar Atta Noodles
Patanjali Atta Noodles - Classic Masala,Pawar Atta Noodles
Patanjali Atta Noodles - Classic Masala,Pawar Atta Noodles
Patanjali Atta Noodles - Classic Masala,Pawar Atta Noodles
Patanjali Atta Noodles - Classic Masala,Pawar Atta Noodles
Patanjali Atta Noodles - Classic Masala,Pawar Atta Noodles
Patanjali Atta Noodles - Classic Masala,Pawar Atta Noodles
Patanjali Atta Noodles - Classic Masala,Pawar Atta Noodles
Patanjali Atta Noodles - Classic Masala,Pawar Atta Noodles
Patanjali Atta Noodles - Classic Masala,Pawar Atta Noodles
Patanjali Atta Noodles - Classic Masala,Pawar Atta Noodles
Patanjali Atta Noodles - Classic Masala,Pawar Atta Noodles
Patanjali Atta Noodles - Classic Masala,Pawar Atta Noodles
Patanjali Atta Noodles - Classic Masala,Pawar Atta Noodles
Patanjali Atta Noodles - Classic Masala,Pawar Atta Noodles
Patanjali Atta Noodles - Classic Masala,Pawar Atta Noodles
Patanjali Atta Noodles - Classic Masala,Pawar Atta Noodles
Patanjali Atta Noodles - Classic Masala,Pawar Atta Noodles
Patanjali Atta Noodles - Classic Masala,Pawar Atta Noodles
Patanjali Atta Noodles - Classic Masala,Pawar Atta Noodles
Patanjali Atta Noodles - Classic Masala,Pawar Atta Noodles
Patanjali Atta Noodles - Classic Masala,Pawar Atta Noodles
Patanjali Atta Noodles - Classic Masala,Pawar Atta Noodles
Patanjali Atta Noodles - Classic Masala,Pawar Atta Noodles
Patanjali Atta Noodles - Classic Masala,Pawar Atta Noodles
Patanjali Atta Noodles - Classic Masala,Pawar Atta Noodles
Patanjali Atta Noodles - Classic Masala,Pawar Atta Noodles
Patanjali Atta Noodles - Classic Masala,Pawar Atta Noodles
Patanjali Atta Noodles - Classic Masala,Pawar Atta Noodles
Patanjali Atta Noodles - Classic Masala,Pawar Atta Noodles
Patanjali Atta Noodles - Classic Masala,Pawar Atta Noodles
Patanjali Atta Noodles - Classic Masala,Pawar Atta Noodles
Britannia Bourbon Biscuits,Almond Biscuits
Britannia Bourbon Biscuits,Cinnamon Biscuits
Britannia Bourbon Biscuits,Coco Biscuits
Britannia Bourbon Biscuits,Chocolate Biscuits
Britannia Bourbon Biscuits,Iced Ginger Biscuits
Britannia Bourbon Biscuits,Crunchy Almond Biscuits
Britannia Bourbon Biscuits,Chocolate Shortbread
Britannia Bourbon Biscuits,Oatmeal
Britannia Bourbon Biscuits,Raspberry Jam
Britannia Bourbon Biscuits,Apricot Jam
Britannia Bourbon Biscuits,Blackberry Jam
MDH Chana Masala,Incan Stew
MDH Chana Masala,Estonian Estofi
MDH Chana Masala,Mongolian Hot Pot
MDH Chana Masala,Shepherd's Pie
MDH Chana Masala,Shanghai Rice Noodle
MDH Chana Masala,Thai Tom Yum
MDH Chana Masala,Nasi Goreng
MDH Chana Masala,Jamaican Curry
MDH Chana Masala,Caribbean Curry
Haldiram's Bhujia Sev,rice
Haldiram's Bhujia Sev,cornflakes
Haldiram's Bhujia Sev,popcorn
Haldiram's Bhujia Sev,wheat
Haldiram's Bhujia Sev,corn
Haldiram's Bhujia Sev,rye
Haldiram's Bhujia Sev,oats
Haldiram's Bhujia Sev,millet
Haldiram's Bhujia Sev,barley
Haldiram's Bhujia Sev,quinoa
Haldiram's Bhujia Sev,amaranth
Knorr Soupy Noodles - Mast Masala,Knox Turmeric Chicken
Knorr Soupy Noodles - Mast Masala,Knorr Chicken & Veg Rice
Knorr Soupy Noodles - Mast Masala,Knorr Chicken & Veg Masala
Knorr Soupy Noodles - Mast Masala,Knorr Chicken & Veg Gravy
Knorr Soupy Noodles - Mast Masala,Knorr Chicken & Veg Soup
Knorr Soupy Noodles - Mast Masala,Knorr Tomato Soup
Knorr Soupy Noodles - Mast Masala,Knorr Vegetable Soup
Knorr Soupy Noodles - Mast Masala,Knorr Vegetable & Rice
Knorr Soupy Noodles - Mast Masala,Knorr Vegetable & Rice Masala
Knorr Soupy Noodles - Mast Masala,Knorr Vegetable & Rice Gravy
Amul Cheese Slices,Cheez Whiz
Amul Cheese Slices,Kraft Singles
Amul Cheese Slices,Philadelphia Brand Slices
Amul Cheese Slices,Kraft Singles
Amul Cheese Slices,Cheese Wiz
Maggi Hot and Sweet Tomato Chilli Sauce,Maggi Hot and Sweet Chili Sauce
Maggi Hot and Sweet Tomato Chilli Sauce,Maggi Hot and Sweet Spicy Tomato Sauce
Maggi Hot and Sweet Tomato Chilli Sauce,Maggi Hot and Sweet Chili Sauce
Maggi Hot and Sweet Tomato Chilli Sauce,Maggi Hot and Sweet Spicy Tomato Sauce
Maggi Hot and Sweet Tomato Chilli Sauce,Maggi Hot and Sweet Tomato Chilli Sauce
Maggi Hot and Sweet Tomato Chilli Sauce,Maggi Hot and Sweet Spicy Tomato Sauce
Maggi Hot and Sweet Tomato Chilli Sauce,Maggi Hot and Sweet Chili Sauce
Maggi Hot and Sweet Tomato Chilli Sauce,Maggi Hot and Sweet Spicy Tomato Sauce
Maggi Hot and Sweet Tomato Chilli Sauce,Maggi Hot and Sweet Chili Sauce
Maggi Hot and Sweet Tomato Chilli Sauce,Maggi Hot and Sweet Spicy Tomato Sauce
Bambino Roasted Vermicelli,Bambino Roasted Vermicelli
Bambino Roasted Vermicelli,Rice & Vegetables
Bambino Roasted Vermicelli,Bambino Roasted Vermicelli
Bambino Roasted Vermicelli,Rice & Vegetables
Bambino Roasted Vermicelli,Bambino Roasted Vermicelli
Bambino Roasted Vermicelli,Rice & Vegetables
Bambino Roasted Vermicelli,Bambino Roasted Vermicelli
Bambino Roasted Vermicelli,Rice & Vegetables
Bambino Roasted Vermicelli,Bambino Roasted Vermicelli
Bambino Roasted Vermicelli,Rice & Vegetables
Bambino Roasted Vermicelli,Bambino Roasted Vermicelli
Bambino Roasted Vermicelli,Rice & Vegetables
Bambino Roasted Vermicelli,Bambino Roasted Vermicelli
Bambino Roasted Vermicelli,Rice & Vegetables
Bambino Roasted Vermicelli,Bambino Roasted Vermicelli
Bambino Roasted Vermicelli,Rice & Vegetables
Bambino Roasted Vermicelli,Bambino Roasted Vermicelli
Bambino Roasted Vermicelli,Rice & Vegetables
Bambino Roasted Vermicelli,Bambino Roasted Vermicelli
Bambino Roasted Vermicelli,Rice & Vegetables
Bambino Roasted Vermicelli,Bambino Roasted Vermicelli
Bambino Roasted Vermicelli,Rice & Vegetables
MTR Ready to Eat - Pav Bhaji,Pav Bhaji
MTR Ready to Eat - Pav Bhaji,Pav
MTR Ready to Eat - Pav Bhaji,Bhaji
MTR Ready to Eat - Pav Bhaji,Onion
Top Ramen Noodles - Curry Veg,Top Ramen Noodles - Curry Veg
Top Ramen Noodles - Curry Veg,Top Ramen Noodles - Japanese
Top Ramen Noodles - Curry Veg,Top Ramen Noodles - Teriyaki
Top Ramen Noodles - Curry Veg,Top Ramen Noodles - Tonkotsu
Top Ramen Noodles - Curry Veg,Top Ramen Noodles - Original
Top Ramen Noodles - Curry Veg,Top Ramen Noodles - Spicy Thai
Top Ramen Noodles - Curry Veg,Top Ramen Noodles - Spicy Chili
Top Ramen Noodles - Curry Veg,Top Ramen Noodles - Hot & Spicy
Top Ramen Noodles - Curry Veg,Top Ramen Noodles - Chunky Chicken
Top Ramen Noodles - Curry Veg,Top Ramen Noodles - Hot & Sour
Top Ramen Noodles - Curry Veg,Top Ramen Noodles - Shrimp
Aashirvaad Whole Wheat Atta,Pulses
Aashirvaad Whole Wheat Atta,Curd
Aashirvaad Whole Wheat Atta,Paneer
Aashirvaad Whole Wheat Atta,Roti
Aashirvaad Whole Wheat Atta,Soup
Aashirvaad Whole Wheat Atta,Lassi
Aashirvaad Whole Wheat Atta,Chapati
Aashirvaad Whole Wheat Atta,Dal
Aashirvaad Whole Wheat Atta,Biscuit
Aashirvaad Whole Wheat Atta,Muffin
Bournvita Health Drink,Alu milk
Bournvita Health Drink,chocolates
Bournvita Health Drink,biscuits
Bournvita Health Drink,cereals
Mother's Recipe Mango Pickle,Mother's Recipe Green Mango Pickle
Mother's Recipe Mango Pickle,Mother's Recipe Lime Pickle
Mother's Recipe Mango Pickle,Mother's Recipe Guava Pickle
Mother's Recipe Mango Pickle,Mother's Recipe Lime Chilli Pickle
Mother's Recipe Mango Pickle,Mother's Recipe Lime Pickle
Mother's Recipe Mango Pickle,Mother's Recipe Lime Rasam
Mother's Recipe Mango Pickle,Mother's Recipe Lime Pickle
Mother's Recipe Mango Pickle,Mother's Recipe Mango Pickle
Mother's Recipe Mango Pickle,Mother's Recipe Mango Pickle
Mother's Recipe Mango Pickle,Mother's Recipe Mango Pickle
Sunfeast Yippee Noodles - Magic Masala,maggi chicken masala
Sunfeast Yippee Noodles - Magic Masala,masala magic noodles
Sunfeast Yippee Noodles - Magic Masala,masala noodles
Sunfeast Yippee Noodles - Magic Masala,magic masala noodles
Britannia Milk Bikis Biscuits,Britannia Milk Biscuits
Dabur Hommade Coconut Milk,Almond milk
Dabur Hommade Coconut Milk,Sunflower milk
Dabur Hommade Coconut Milk,Milk
Dabur Hommade Coconut Milk,Whole milk
Dabur Hommade Coconut Milk,Coconut milk
Dabur Hommade Coconut Milk,Chocolate milk
Dabur Hommade Coconut Milk,Honey
Dabur Hommade Coconut Milk,Cocoa powder
Dabur Hommade Coconut Milk,Peanut butter
Patanjali Whole Wheat Atta,Atta
Patanjali Whole Wheat Atta,Wheat Atta
Patanjali Whole Wheat Atta,Whole Wheat Atta
Maggi Masala Noodles,Maggi Masala Noodles
Maggi Masala Noodles,Maggi 2 Minute Noodles
Maggi Masala Noodles,Maggi 2 Minute Noodles Masala
Maggi Masala Noodles,Maggi Masala Noodles
Maggi Masala Noodles,Maggi Spaghetti Noodles
Maggi Masala Noodles,Maggi Masala Noodles
Maggi Masala Noodles,Maggi Spaghetti Noodles
Maggi Masala Noodles,Maggi Spaghetti Noodles Masala
Maggi Masala Noodles,Maggi Noodles
Maggi Masala Noodles,Maggi Noodles Masala
Maggi Masala Noodles,Maggi Spaghetti Noodles
Amul Pure Ghee,Amul Pure Ghee
Amul Pure Ghee,Pure Butter Oil
Amul Pure Ghee,Pure Ghee
Amul Pure Ghee,Ghee
Amul Pure Ghee,Pure Cow Butter
Amul Pure Ghee,Pure Cow Butter Oil
Amul Pure Ghee,Pure Cow Butter
Amul Pure Ghee,Pure Butter
Amul Pure Ghee,Butter
Haldiram's Nut Cracker,Raita
Haldiram's Nut Cracker,Rava Dosa
Haldiram's Nut Cracker,Dosa
Haldiram's Nut Cracker,Idly
Haldiram's Nut Cracker,Chana Masala
Haldiram's Nut Cracker,Masala
Haldiram's Nut Cracker,Chole
Haldiram's Nut Cracker,Dal Makhani
Haldiram's Nut Cracker,Dal
Haldiram's Nut Cracker,Chana
Haldiram's Nut Cracker,Haldiram's Nut Cracker is a type of
Haldiram's Nut Cracker,Similar food products are: Raita
Haldiram's Nut Cracker,Rava Dosa
Haldiram's Nut Cracker,Dosa
Haldiram's Nut Cracker,Idly
Haldiram's Nut Cracker,Chana Masala
Haldiram's Nut Cracker,Masala
Haldiram's Nut Cracker,Chole
Haldiram's Nut Cracker,Dal Makhani
Haldiram's Nut Cracker,Dal
Haldiram's Nut Cracker,Chana
Tata Tea Gold,Nescaf√© Gold Blend
Tata Tea Gold,Nestle Gold Blend
Tata Tea Gold,Red Rose Tea Golden Tips
Tata Tea Gold,Jacobs Golden Honey Blend
Nestle Everyday Dairy Whitener,Nestle
Nestle Everyday Dairy Whitener,Milkmaid
Nestle Everyday Dairy Whitener,Milo
Nestle Everyday Dairy Whitener,Nido
Nestle Everyday Dairy Whitener,Carnation
Nestle Everyday Dairy Whitener,Nesquik
Nestle Everyday Dairy Whitener,Wave
Nestle Everyday Dairy Whitener,Carnation
Nestle Everyday Dairy Whitener,Pero
Nestle Everyday Dairy Whitener,Knorr
Knorr Cup-a-Soup - Sweet Corn Veg,Knorr Cup-A-Soup - Carrot and Rice Vegetable
Knorr Cup-a-Soup - Sweet Corn Veg,Knorr Cup-A-Soup - Lentil Vegetable
Knorr Cup-a-Soup - Sweet Corn Veg,Knorr Cup-A-Soup - Chicken Noodle
Knorr Cup-a-Soup - Sweet Corn Veg,Knorr Cup-A-Soup - Tomato Rice
Knorr Cup-a-Soup - Sweet Corn Veg,Knorr Cup-A-Soup - Vegetable Rice
Knorr Cup-a-Soup - Sweet Corn Veg,Knorr Cup-A-Soup - Cream of Broccoli
Knorr Cup-a-Soup - Sweet Corn Veg,Knorr Cup-A-Soup - Celery Root
Knorr Cup-a-Soup - Sweet Corn Veg,Knorr Cup-A-Soup - Potatoes with Country Ham
Knorr Cup-a-Soup - Sweet Corn Veg,Knorr Cup-A-Soup - Potato with Bacon
Priya Ginger Garlic Paste,Tandoori Masala Paste
Priya Ginger Garlic Paste,Masala Paste
Priya Ginger Garlic Paste,Red Chili Paste
Priya Ginger Garlic Paste,Garlic Chutney
Priya Ginger Garlic Paste,Ginger-Garlic Paste
Priya Ginger Garlic Paste,Ginger-Garlic Chutney
Priya Ginger Garlic Paste,Garlic Paste
Priya Ginger Garlic Paste,Ginger and Garlic Paste
Priya Ginger Garlic Paste,Ginger-Garlic Chutney
Britannia Good Day Biscuits - Cashew,Britannia Good Day Biscuits - Coconut
Britannia Good Day Biscuits - Cashew,Britannia Good Day Biscuits - Milk Choco
Britannia Good Day Biscuits - Cashew,Britannia Good Day Biscuits - Pista
Britannia Good Day Biscuits - Cashew,Britannia Good Day Biscuits - Coconut
Britannia Good Day Biscuits - Cashew,Britannia Good Day Biscuits - Almond
Britannia Good Day Biscuits - Cashew,Britannia Good Day Biscuits - Walnut
Britannia Good Day Biscuits - Cashew,Britannia Good Day Biscuits - Pistachio
Britannia Good Day Biscuits - Cashew,Britannia Good Day Biscuits - Cashew
Britannia Good Day Biscuits - Cashew,Britannia Good Day Biscuits - Pistachio
Britannia Good Day Biscuits - Cashew,Britannia Good Day Biscuits - Walnut
Britannia Good Day Biscuits - Cashew,Britannia Good Day Biscuits - Apricot
MTR Sambar Powder,2
MTR Sambar Powder,3
MTR Sambar Powder,4
MTR Sambar Powder,5
MTR Sambar Powder,6
MTR Sambar Powder,7
MTR Sambar Powder,8
MTR Sambar Powder,9
MTR Sambar Powder,10
MTR Sambar Powder,A
MTR Sambar Powder,B
MTR Sambar Powder,C
MTR Sambar Powder,D
MTR Sambar Powder,E
MTR Sambar Powder,F
MTR Sambar Powder,G
MTR Sambar Powder,H
MTR Sambar Powder,I
MTR Sambar Powder,J
MTR Sambar Powder,K
MTR Sambar Powder,Available Values
Britannia Marie Gold Biscuits,Cadbury Crunchie
Britannia Marie Gold Biscuits,Prince Polo
Britannia Marie Gold Biscuits,Kellogg's Coco Pops
Britannia Marie Gold Biscuits,Nestle Kit Kat
Britannia Marie Gold Biscuits,Suchard Milo
Britannia Marie Gold Biscuits,Nestle Aero
Britannia Marie Gold Biscuits,Nestle Nesquik
Britannia Marie Gold Biscuits,Coronation Cream
Britannia Marie Gold Biscuits,Dove chocolate
Britannia Marie Gold Biscuits,Oreo
Britannia Marie Gold Biscuits,Hershey's
Maggi Vegetable Atta Noodles,Lasagna
Maggi Vegetable Atta Noodles,Vegetable Lasagna
Maggi Vegetable Atta Noodles,Vegetable Pasta
Maggi Vegetable Atta Noodles,Tuna Pasta
Maggi Vegetable Atta Noodles,Pasta Primavera
Maggi Vegetable Atta Noodles,Tortellini
Maggi Vegetable Atta Noodles,Ravioli
Maggi Vegetable Atta Noodles,Gnocchi
Maggi Vegetable Atta Noodles,Yakisoba
Maggi Vegetable Atta Noodles,Chow Mein
Knorr Chicken Noodle Soup,Knorr 12 soup mixes
Knorr Chicken Noodle Soup,Knorr Foods
Knorr Chicken Noodle Soup,Knorr produces
Knorr Chicken Noodle Soup,Knorr Recipe
Knorr Chicken Noodle Soup,Knorr Soup
Knorr Chicken Noodle Soup,Knorr Chicken
Knorr Chicken Noodle Soup,Knorr Noodle Soup
Knorr Chicken Noodle Soup,Knorr Creamy Cheddar
Knorr Chicken Noodle Soup,Knorr Ramen
Amul Cheese Spread,Amul Cheese Spread
Amul Cheese Spread,Amul Butter
Amul Cheese Spread,Amul Cheese Spread
Amul Cheese Spread,Amul Butter
Amul Cheese Spread,Amul Cheese Spread
Everest Garam Masala,Garam Masala
Everest Garam Masala,Garam
Everest Garam Masala,Garam Masala
Everest Garam Masala,Garam Masala Mix
Everest Garam Masala,Garam Masala Mix Mild
Everest Garam Masala,Garam Masala Mix Hot
Everest Garam Masala,Garam Masala Mix
Everest Garam Masala,Himalayan Garam Masala
Everest Garam Masala,Everest Garam Masala
Everest Garam Masala,Everest Garam Masala Mix
Saffola Masala Oats,Saffola Oats
Saffola Masala Oats,Oats
Saffola Masala Oats,Regular
Saffola Masala Oats,Cheerios
Saffola Masala Oats,Original
Saffola Masala Oats,Cream of Wheat
Saffola Masala Oats,Original
Saffola Masala Oats,Cream of Wheat
Saffola Masala Oats,Instant
Saffola Masala Oats,Quaker Oats
Saffola Masala Oats,Honey Nut Cheerios
Saffola Masala Oats,Frosted Flakes
Saffola Masala Oats,Golden Grahams
Saffola Masala Oats,Kitchen Sink
Saffola Masala Oats,Cream of Rice
Saffola Masala Oats,Cream of Wheat
Saffola Masala Oats,Puffed Wheat
Maggi Masala-e-Magic,Maggi Masala-e-Magic
Maggi Masala-e-Magic,Maggi Masala-e-Magic
Maggi Masala-e-Magic,Maggi Masala-e-Magic
Maggi Masala-e-Magic,Maggi Masala-e-Magic
Maggi Masala-e-Magic,Maggi Masala-e-Magic
Maggi Masala-e-Magic,Maggi Masala-e-Magic
Maggi Masala-e-Magic,Maggi Masala-e-Magic
Maggi Masala-e-Magic,Maggi Masala-e-Magic
Maggi Masala-e-Magic,Maggi Masala-e-Magic
Maggi Masala-e-Magic,Maggi Masala-e-Magic
Britannia Good Day Cookies - Choco Chip,Britannia Good Day Cookies - Chocolate Chip
Britannia Good Day Cookies - Choco Chip,Britannia Good Day Cookies - Choco Hazelnut
Britannia Good Day Cookies - Choco Chip,Britannia Good Day Cookies - Ginger
Britannia Good Day Cookies - Choco Chip,Britannia Good Day Cookies - Nutty
Britannia Good Day Cookies - Choco Chip,Britannia Good Day Cookies - Oatmeal
Britannia Good Day Cookies - Choco Chip,Britannia Good Day Cookies - Raisin
Britannia Good Day Cookies - Choco Chip,Britannia Good Day Cookies - Vanilla
Britannia Good Day Cookies - Choco Chip,Britannia Good Day Cookies - Walnut
Britannia Good Day Cookies - Choco Chip,Britannia Good Day Cookies - White Chocolate
MDH Deggi Mirch,MDH Mirch Masala
MDH Deggi Mirch,MDH Sarson ka Masala
MDH Deggi Mirch,MDH Saunf
MDH Deggi Mirch,MDH Jeera
MDH Deggi Mirch,MDH Ajwain
MDH Deggi Mirch,MDH Haldi
MDH Deggi Mirch,MDH Elaichi
MDH Deggi Mirch,MDH Sajjans
MDH Deggi Mirch,MDH Urad
MDH Deggi Mirch,MDH Karam
Haldiram's Soan Papdi,Ajanta Soan Papdi
Haldiram's Soan Papdi,Soan Papdi
Haldiram's Soan Papdi,Papdi
Haldiram's Soan Papdi,Papdi
TATA Sampann Toor Dal,Chana Dal
TATA Sampann Toor Dal,Chickpeas
TATA Sampann Toor Dal,Gram Dal
TATA Sampann Toor Dal,Lentils
TATA Sampann Toor Dal,Lentils
TATA Sampann Toor Dal,Black
TATA Sampann Toor Dal,Lentils
TATA Sampann Toor Dal,Brown
TATA Sampann Toor Dal,Lentils
TATA Sampann Toor Dal,Red
TATA Sampann Toor Dal,Masoor Dal
TATA Sampann Toor Dal,Toor Dal
Saffola Masala Oats - Peppy Tomato,Russell Stover Sugar Free Chocolate Bars
Saffola Masala Oats - Peppy Tomato,Laurel Whole Wheat Bread
Saffola Masala Oats - Peppy Tomato,Eggo Waffles
Saffola Masala Oats - Peppy Tomato,Pillsbury Toaster Strudel
Saffola Masala Oats - Peppy Tomato,Kellogg's Special K
Saffola Masala Oats - Peppy Tomato,Stonyfield Organic Oikos Yogurt
Saffola Masala Oats - Peppy Tomato,Yoplait Original Yogurt
Saffola Masala Oats - Peppy Tomato,Hershey's Cookies 'n' Creme
Saffola Masala Oats - Peppy Tomato,Nabisco Oreos
Aashirvaad Ready Meals - Dal Makhani,soya granules
Aashirvaad Ready Meals - Dal Makhani,soya sauce
Aashirvaad Ready Meals - Dal Makhani,flour
Aashirvaad Ready Meals - Dal Makhani,salt
Aashirvaad Ready Meals - Dal Makhani,oil
Aashirvaad Ready Meals - Dal Makhani,lemon juice
Aashirvaad Ready Meals - Dal Makhani,dried red chillies
Aashirvaad Ready Meals - Dal Makhani,garam masala
Aashirvaad Ready Meals - Dal Makhani,red chilli powder
Aashirvaad Ready Meals - Dal Makhani,turmeric
Aashirvaad Ready Meals - Dal Makhani,coriander powder
MTR Instant Vermicelli Payasam,MTR Instant Vermicelli Payasam
MTR Instant Vermicelli Payasam,MTR Instant Vermicelli Curry
MTR Instant Vermicelli Payasam,MTR Instant Vermicelli Idli
MTR Instant Vermicelli Payasam,MTR Instant Vermicelli Rawa
MTR Instant Vermicelli Payasam,MTR Instant Vermicelli Idiyappam
MTR Instant Vermicelli Payasam,MTR Instant Vermicelli Idli
MTR Instant Vermicelli Payasam,MTR Instant Vermicelli Rice
MTR Instant Vermicelli Payasam,MTR Instant Vermicelli Kheer
MTR Instant Vermicelli Payasam,MTR Instant Vermicelli Bhaji
MTR Instant Vermicelli Payasam,MTR Instant Vermicelli Rice
MTR Instant Vermicelli Payasam,MTR Instant Vermicelli Biriyani
Haldiram's Bhel Puri,Masala Puri
Haldiram's Bhel Puri,Jala Puri
Haldiram's Bhel Puri,Rasam Puri
Haldiram's Bhel Puri,Sev Puri
Haldiram's Bhel Puri,Jhaal Muri
Haldiram's Bhel Puri,Khara Muri
Haldiram's Bhel Puri,Puri
Haldiram's Bhel Puri,Thalipeeth
Haldiram's Bhel Puri,Karam Puri
Haldiram's Bhel Puri,Dhokla
Parle Monaco Biscuits,Cadbury Milk Chocolate Biscuits
Parle Monaco Biscuits,Pierre Biscuits
Parle Monaco Biscuits,Hershey Kisses
Parle Monaco Biscuits,Nestle Kitkat
Parle Monaco Biscuits,Nestle Tender choco
Parle Monaco Biscuits,Cadbury Dairy Milk
Parle Monaco Biscuits,Cadbury Mini Eggs
Parle Monaco Biscuits,Cadbury Fruit & Nut
Parle Monaco Biscuits,Keebler Fudge stripe
Parle Monaco Biscuits,Keebler Fudge stripe cookies
MTR Rava Idli Mix,MTR Pav Mix
MTR Rava Idli Mix,MTR Curd Rice
MTR Rava Idli Mix,MTR Cornflakes
MTR Rava Idli Mix,MTR Noodles
MTR Rava Idli Mix,MTR Choco Crisp
MTR Rava Idli Mix,MTR Fruits Cream
MTR Rava Idli Mix,MTR Upma
MTR Rava Idli Mix,MTR Sugar
MTR Rava Idli Mix,MTR Spicy Masala Noodles
Nestle Maggi Hot and Sweet Tomato Chilli Sauce,Sweet and Sour Sauce
Nestle Maggi Hot and Sweet Tomato Chilli Sauce,Sweet Chilli Sauce
Nestle Maggi Hot and Sweet Tomato Chilli Sauce,Coconut Chilli Sauce
Nestle Maggi Hot and Sweet Tomato Chilli Sauce,Chilli Sauce
Nestle Maggi Hot and Sweet Tomato Chilli Sauce,Tomato Sauce
Nestle Maggi Hot and Sweet Tomato Chilli Sauce,Hot Tomato Chilli Sauce
Nestle Maggi Hot and Sweet Tomato Chilli Sauce,Sweet and Spicy Sauce
Nestle Maggi Hot and Sweet Tomato Chilli Sauce,Sweet and Sour Chilli Sauce
Nestle Maggi Hot and Sweet Tomato Chilli Sauce,Hot Chilli Sauce
Nestle Maggi Hot and Sweet Tomato Chilli Sauce,Hot and Sour Sauce
Lijjat Papad,Lijjat Papad
Lijjat Papad,Lijjat Papad
Lijjat Papad,Lijjat Papad
Lijjat Papad,Lijjat Papad
Lijjat Papad,Lijjat Papad
Lijjat Papad,Lijjat Papad
Lijjat Papad,Lijjat Papad
Lijjat Papad,Lijjat Papad
Lijjat Papad,Lijjat Papad
Lijjat Papad,Lijjat Papad
Eastern Chicken Masala,chicken masala
Eastern Chicken Masala,chicken tikka masala
Eastern Chicken Masala,chicken curry
Eastern Chicken Masala,chicken vindaloo
Eastern Chicken Masala,chicken tikka
Eastern Chicken Masala,shahi paneer
Eastern Chicken Masala,chicken tikka masala
Eastern Chicken Masala,chicken tikka
Eastern Chicken Masala,chicken korma
Eastern Chicken Masala,chicken tikka masala
Eastern Chicken Masala,chicken masala
Eastern Chicken Masala,chicken tikka masala
Eastern Chicken Masala,chicken curry
Eastern Chicken Masala,chicken vindaloo
Eastern Chicken Masala,chicken tikka
Eastern Chicken Masala,shahi paneer
Eastern Chicken Masala,chicken tikka masala
Eastern Chicken Masala,chicken tikka
Eastern Chicken Masala,chicken korma
Eastern Chicken Masala,chicken tikka masala
Eastern Chicken Masala,chicken masala
Eastern Chicken Masala,chicken tikka masala
Eastern Chicken Masala,chicken curry
Eastern Chicken Masala,chicken vindaloo
Eastern Chicken Masala,chicken tikka
Eastern Chicken Masala,shahi paneer
Knorr Tomato Soup,tomato soup
Knorr Tomato Soup,tomato soup with basil
Knorr Tomato Soup,tomato soup with cheese
Knorr Tomato Soup,tomato soup with feta
Knorr Tomato Soup,tomato soup with ginger
Knorr Tomato Soup,tomato soup with mint
Knorr Tomato Soup,tomato soup with pasta
Knorr Tomato Soup,tomato soup with rice
Knorr Tomato Soup,tomato soup with thyme
Knorr Tomato Soup,tomato soup with vegetables
Parle G Biscuits,Parle Tiger Biscuits
Parle G Biscuits,Klay Kreme Biscuits
Parle G Biscuits,Kelloggs Biscuits
Parle G Biscuits,Bovril
Maggi 2-Minute Noodles,1
Maggi 2-Minute Noodles,Campbells 2 Min
Maggi 2-Minute Noodles,Noodle Soup
Maggi 2-Minute Noodles,2
Maggi 2-Minute Noodles,Won Ton Noodle Soup
Maggi 2-Minute Noodles,3
Maggi 2-Minute Noodles,Ramen Noodle Soup
Maggi 2-Minute Noodles,4
Maggi 2-Minute Noodles,Ramen Noodle Chow Mein
Maggi 2-Minute Noodles,5
Maggi 2-Minute Noodles,Ramen Noodle & Vegetable Stir Fry
Maggi 2-Minute Noodles,6
Maggi 2-Minute Noodles,Ramen Noodle Soup
Maggi 2-Minute Noodles,7
Maggi 2-Minute Noodles,Ramen Noodle Salad
Maggi 2-Minute Noodles,8
Maggi 2-Minute Noodles,Ramen Noodle and Grilled Vegetable Salad
Maggi 2-Minute Noodles,9
Maggi 2-Minute Noodles,Ramen Noodle Soup
Maggi 2-Minute Noodles,10
Maggi 2-Minute Noodles,Ramen Noodles
Tata Salt,Tata
Tata Salt,Tata Organic
Tata Salt,Tata Jaggery
Tata Salt,Tata Tea
Tata Salt,Tata Gold
Tata Salt,Tata Pepper
Tata Salt,Tata Navaratna
Tata Salt,Tata Tea Mate
Tata Salt,Tata Tomato Sauce
Aashirvaad Atta,Aashirvaad Atta
Aashirvaad Atta,Aashirvaad Atta
Aashirvaad Atta,Aashirvaad Atta
Aashirvaad Atta,Aashirvaad Atta
Aashirvaad Atta,Aashirvaad Atta
Aashirvaad Atta,Aashirvaad Atta
Aashirvaad Atta,Aashirvaad Atta
Aashirvaad Atta,Aashirvaad Atta
Aashirvaad Atta,Aashirvaad Atta
Aashirvaad Atta,Aashirvaad Atta
Patanjali Amla Juice,Mango
Patanjali Amla Juice,Orange
Patanjali Amla Juice,Grape
Patanjali Amla Juice,Apple
Patanjali Amla Juice,Grapefruit
Patanjali Amla Juice,Banana
Patanjali Amla Juice,Pear
Patanjali Amla Juice,Kiwi
Patanjali Amla Juice,Pineapple
Haldiram's Punjabi Tadka,1
Haldiram's Punjabi Tadka,Canned Black Beans
Haldiram's Punjabi Tadka,2
Haldiram's Punjabi Tadka,Canned Lima Beans
Haldiram's Punjabi Tadka,3
Haldiram's Punjabi Tadka,Canned Pinto Beans
Haldiram's Punjabi Tadka,4
Haldiram's Punjabi Tadka,Canned Red Kidney Beans
Haldiram's Punjabi Tadka,5
Haldiram's Punjabi Tadka,Canned Black Eyed Peas
Haldiram's Punjabi Tadka,6
Haldiram's Punjabi Tadka,Canned Kidney Beans
Haldiram's Punjabi Tadka,7
Haldiram's Punjabi Tadka,Canned Garbanzo Beans
Haldiram's Punjabi Tadka,8
Haldiram's Punjabi Tadka,Canned Cannellini Beans
Haldiram's Punjabi Tadka,9
Haldiram's Punjabi Tadka,Canned Great Northern Beans
Haldiram's Punjabi Tadka,10
Haldiram's Punjabi Tadka,Canned Navy Beans
MDH Chunky Chaat Masala,MDH Garlic Sauce
MDH Chunky Chaat Masala,MDH Chunky Chutney
MDH Chunky Chaat Masala,MDH Chunky Pickle
MDH Chunky Chaat Masala,MDH Chunky Mango Pickle
MDH Chunky Chaat Masala,MDH Chunky Tomato Chutney
MDH Chunky Chaat Masala,MDH Chunky Tomatoes
MDH Chunky Chaat Masala,MDH Chunky Tomato Ketchup
MDH Chunky Chaat Masala,MDH Chunky Mango Chutney
MDH Chunky Chaat Masala,MDH Chunky Mango Pickle
Britannia Good Day Cookies,-Britannia Good Day Cookies
Britannia Good Day Cookies,-Polar Puffs
Britannia Good Day Cookies,-Clif Bar
Britannia Good Day Cookies,-Two Degree
Britannia Good Day Cookies,-Cookie Crisp
Britannia Good Day Cookies,-Cheeze-It
Britannia Good Day Cookies,-Nestle's Toll House
Britannia Good Day Cookies,-Keebler
Britannia Good Day Cookies,-Nabisco
Britannia Good Day Cookies,-Nabisco
Britannia Good Day Cookies,-Nestle
Britannia Good Day Cookies,-Keebler
Kissan Mixed Fruit Jam,Kissan Mixed Fruit Jam
Kissan Mixed Fruit Jam,Kissan Mixed Fruit Jam
Kissan Mixed Fruit Jam,Kissan Mixed Fruit Jam
Kissan Mixed Fruit Jam,Kissan Mixed Fruit Jam
Kissan Mixed Fruit Jam,Kissan Mixed Fruit Jam
Kissan Mixed Fruit Jam,Kissan Mixed Fruit Jam
Kissan Mixed Fruit Jam,Kissan Mixed Fruit Jam
Kissan Mixed Fruit Jam,Kissan Mixed Fruit Jam
Kissan Mixed Fruit Jam,Kissan Mixed Fruit Jam
Kissan Mixed Fruit Jam,Kissan Mixed Fruit Jam
MTR Ready To Eat Pindi Chana,MTR Ready To Eat Chana Masala
MTR Ready To Eat Pindi Chana,MTR Ready To Eat Chana Kofta
MTR Ready To Eat Pindi Chana,MTR Ready To Eat Chana Tikka
MTR Ready To Eat Pindi Chana,MTR Ready To Eat Pindi Chana Rice
MTR Ready To Eat Pindi Chana,MTR Ready To Eat Chana Rice
MTR Ready To Eat Pindi Chana,MTR Ready To Eat Chana
MTR Ready To Eat Pindi Chana,MTR Ready To Eat Chana Masala
MTR Ready To Eat Pindi Chana,MTR Ready To Eat Chana Kofta
MTR Ready To Eat Pindi Chana,MTR Ready To Eat Chana Tikka
Bru Instant Coffee,Taster's Choice
Bru Instant Coffee,Espresso
Bru Instant Coffee,Nescafe
Bru Instant Coffee,Capuccino
Bru Instant Coffee,Mocha
Bru Instant Coffee,Latte
Bru Instant Coffee,Cappuccino
Bru Instant Coffee,Cafe Au Lait
Bru Instant Coffee,Cervelat
Nestle Munch Chocolate,Nestle Chocolate Crispy Cereal Bar
Nestle Munch Chocolate,Nestle Nestum cereal bars
Nestle Munch Chocolate,Nestle Crunch
Nestle Munch Chocolate,Nestle Fitness Mix
Nestle Munch Chocolate,Nestle Munch
Nestle Munch Chocolate,Nestle Crunchy
Nestle Munch Chocolate,Nestle Crunchy Munch
Nestle Munch Chocolate,Nestle Fitness
Nestle Munch Chocolate,Nestle Crunch
Nestle Munch Chocolate,Nestle Munch
Nestle Munch Chocolate,Nestle Fitness Munch
Nestle Munch Chocolate,Nestle Crunch
Patanjali Honey,A1 Cottage Cheese
Patanjali Honey,Lara Bar
Patanjali Honey,Pogo
Patanjali Honey,Nilla Wafer
Patanjali Honey,Nilla Wafer Minis
Patanjali Honey,Nilla Caramel
Patanjali Honey,Nilla Cake
Patanjali Honey,Nilla Cookie
Patanjali Honey,Nilla Oatmeal
Patanjali Honey,Nilla Chocolate
Top Ramen Curry Veg Noodles,Top Ramen Noodles
Top Ramen Curry Veg Noodles,Nissin Top Ramen Noodles
Top Ramen Curry Veg Noodles,Nissin Top Ramen Chow Mein
Top Ramen Curry Veg Noodles,Top Ramen Soup
Top Ramen Curry Veg Noodles,Top Ramen Spicy
Top Ramen Curry Veg Noodles,Top Ramen Noodles
Top Ramen Curry Veg Noodles,Top Ramen Spice
Top Ramen Curry Veg Noodles,Top Ramen Oriental
Top Ramen Curry Veg Noodles,Top Ramen Teriyaki
Top Ramen Curry Veg Noodles,Top Ramen Soy Sauce
Top Ramen Curry Veg Noodles,Top Ramen Curry
Top Ramen Curry Veg Noodles,Top Ramen Veggies
Top Ramen Curry Veg Noodles,Nissin Top Ramen Veggies
Top Ramen Curry Veg Noodles,Nissin Top Ramen Teriyaki
Top Ramen Curry Veg Noodles,Nissin Top Ramen Spicy
Top Ramen Curry Veg Noodles,Nissin Top Ramen Oriental
Top Ramen Curry Veg Noodles,Nissin Top Ramen Soup
Top Ramen Curry Veg Noodles,Nissin Top Ramen Soy Sauce
Kissan Tomato Ketchup,Heinz Tomato Ketchup
Kissan Tomato Ketchup,Heinz Tomato Ketchup
Kissan Tomato Ketchup,Heinz Tomato Ketchup
Kissan Tomato Ketchup,Heinz Tomato Ketchup
Kissan Tomato Ketchup,Heinz Tomato Ketchup
Kissan Tomato Ketchup,Heinz Tomato Ketchup
Kissan Tomato Ketchup,Heinz Tomato Ketchup
Kissan Tomato Ketchup,Heinz Tomato Ketchup
Kissan Tomato Ketchup,Heinz Tomato Ketchup
Kissan Tomato Ketchup,Heinz Tomato Ketchup
