Amul Butter,Amul Cream
Amul Butter,Amul Ghee
Amul Butter,Amul Lite
Amul Butter,Amul Milk
Amul Butter,Amul Milk Powder
Amul Butter,Amul Skimmed Milk Powder
Amul Butter,Amul Yogurt
Amul Butter,Amul Cheese
Amul Butter,Amul Butter Milk
Cadbury Dairy Milk Silk - Bubbly,Cadbury Dairy Milk Silk - Creme
Cadbury Dairy Milk Silk - Bubbly,Cadbury Dairy Milk Silk - Fruit and Nut
Cadbury Dairy Milk Silk - Bubbly,Cadbury Dairy Milk Silk - Fruit and Nut Milk
Cadbury Dairy Milk Silk - Bubbly,Cadbury Dairy Milk Silk - Hazelnut
Cadbury Dairy Milk Silk - Bubbly,Cadbury Dairy Milk Silk - Hazelnut Milk
Cadbury Dairy Milk Silk - Bubbly,Cadbury Dairy Milk Silk - Malt
Cadbury Dairy Milk Silk - Bubbly,Cadbury Dairy Milk Silk - Malt Milk
Cadbury Dairy Milk Silk - Bubbly,Cadbury Dairy Milk Silk - Mint
Cadbury Dairy Milk Silk - Bubbly,Cadbury Dairy Milk Silk - Mint Milk
Cadbury Dairy Milk Silk - Bubbly,Cadbury Dairy Milk Silk - Original
Haldiram's Moong Dal,Haldiram's Instant Dal Mix
Haldiram's Moong Dal,Haldiram's Moong Dal
Haldiram's Moong Dal,Haldiram's Moong Dal Mix
Haldiram's Moong Dal,Haldiram's Moong Dal Powder
Haldiram's Moong Dal,Haldiram's Moong Dal Patna
Haldiram's Moong Dal,Haldiram's Moong Dal Panch Ratna
Haldiram's Moong Dal,Haldiram's Moong Dal Panch Ratna Mix
Haldiram's Moong Dal,Haldiram's Moong Dal Tarka
Haldiram's Moong Dal,Haldiram's Moong Dal
Haldiram's Moong Dal,Haldiram's Moong Dal Mix
Haldiram's Moong Dal,Haldiram's Moong Dal Powder
Maggi 2-Minute Noodles - Masala,Instant Potatoes
Maggi 2-Minute Noodles - Masala,Baked Potato Chips
Maggi 2-Minute Noodles - Masala,Pretzel Chips
Maggi 2-Minute Noodles - Masala,Maggi Instant Noodles - Chicken
Maggi 2-Minute Noodles - Masala,Maggi Instant Noodles - Chilli
Maggi 2-Minute Noodles - Masala,Maggi Instant Noodles - Singapore
Maggi 2-Minute Noodles - Masala,Maggi Instant Noodles - Thai
Maggi 2-Minute Noodles - Masala,Maggi Instant Noodles - Tom Yum
Maggi 2-Minute Noodles - Masala,Maggi Instant Noodles - Tomato
Maggi 2-Minute Noodles - Masala,Maggi Instant Noodles - Schezwan
Maggi 2-Minute Noodles - Masala,Maggi Instant Noodles - Kimchi
Knorr Cup-a-Soup - Tomato Chatpata,Cup-a-Soup - Tomato
Knorr Cup-a-Soup - Tomato Chatpata,Cup-a-Soup - Chicken
Knorr Cup-a-Soup - Tomato Chatpata,Cup-a-Soup - Tomato with Rice
Knorr Cup-a-Soup - Tomato Chatpata,Cup-a-Soup - Cream of Mushroom
Knorr Cup-a-Soup - Tomato Chatpata,Cup-a-Soup - Thai Sweet Chili
Knorr Cup-a-Soup - Tomato Chatpata,Cup-a-Soup - Vegetable
Knorr Cup-a-Soup - Tomato Chatpata,Cup-a-Soup - Lentil
Knorr Cup-a-Soup - Tomato Chatpata,Cup-A-Soup - Quinoa
Knorr Cup-a-Soup - Tomato Chatpata,Cup-a-Soup - Butternut Squash
Knorr Cup-a-Soup - Tomato Chatpata,Cup-a-Soup - Lentil
Knorr Cup-a-Soup - Tomato Chatpata,Cup-a-Soup - Lentil
Haldiram's Aloo Bhujia,Natan's Aloo Tikki
Haldiram's Aloo Bhujia,Bikanerwala Aloo Tikki
Haldiram's Aloo Bhujia,Patak's Aloo Tikki
Haldiram's Aloo Bhujia,Patak's Potato Patties
Haldiram's Aloo Bhujia,Bikanerwala Potato Patties
Haldiram's Aloo Bhujia,Haldiram's Potato Patties
Haldiram's Aloo Bhujia,Natan's Potato Patties
Haldiram's Aloo Bhujia,Haldiram's Aloo Bhujia
Haldiram's Aloo Bhujia,Natan's Aloo Tikki
Haldiram's Aloo Bhujia,Bikanerwala Aloo Tikki
Haldiram's Aloo Bhujia,Patak's Aloo Tikki
Haldiram's Aloo Bhujia,Patak's Potato Patties
Haldiram's Aloo Bhujia,Bikanerwala Potato Patties
Haldiram's Aloo Bhujia,Haldiram's Potato Patties
Parle-G Biscuits,Haldiram's Biscuits
Parle-G Biscuits,Oreo Biscuits
Parle-G Biscuits,Alpen Biscuits
Parle-G Biscuits,Figaro Biscuits
Parle-G Biscuits,Lays Biscuits
Parle-G Biscuits,Oreo Minis Biscuits
Parle-G Biscuits,Cadbury's Fingers Biscuits
Parle-G Biscuits,Oreo Chocolate Wafers
Parle-G Biscuits,Trident Biscuits
Parle-G Biscuits,Nips Biscuits
Rasna Fruit Juice Concentrate - Orange,Fanta Orange
Rasna Fruit Juice Concentrate - Orange,Pineapple Orange Juice
Rasna Fruit Juice Concentrate - Orange,Minute Maid Fruit Punch
Rasna Fruit Juice Concentrate - Orange,Minute Maid Orange Juice
Rasna Fruit Juice Concentrate - Orange,Tropicana Orange Juice
Patanjali Atta Noodles - Classic Masala,Pawar Atta Noodles
Patanjali Atta Noodles - Classic Masala,Atta Noodles
Patanjali Atta Noodles - Classic Masala,Atta Noodles
Patanjali Atta Noodles - Classic Masala,Nissin Atta Noodle
Patanjali Atta Noodles - Classic Masala,Pawar Atta Noodles
Britannia Bourbon Biscuits,Britannia Almond Biscuits
Britannia Bourbon Biscuits,Britannia Cinnamon Biscuits
Britannia Bourbon Biscuits,Britannia Coco Biscuits
Britannia Bourbon Biscuits,Britannia Chocolate Biscuits
Britannia Bourbon Biscuits,Britannia Iced Ginger Biscuits
Britannia Bourbon Biscuits,Britannia Crunchy Almond Biscuits
Britannia Bourbon Biscuits,Britannia Chocolate Shortbread
Britannia Bourbon Biscuits,Britannia Oatmeal
Britannia Bourbon Biscuits,Britannia Raspberry Jam
Britannia Bourbon Biscuits,Britannia Apricot Jam
Britannia Bourbon Biscuits,Britannia Blackberry Jam
MDH Chana Masala,MDH Incan Stew
MDH Chana Masala,MDH Estonian Estofi
MDH Chana Masala,MDH Mongolian Hot Pot
MDH Chana Masala,MDH Shepherd's Pie
MDH Chana Masala,MDH Shanghai Rice Noodle
MDH Chana Masala,MDH Thai Tom Yum
MDH Chana Masala,MDH Nasi Goreng
MDH Chana Masala,MDH Jamaican Curry
MDH Chana Masala,MDH Caribbean Curry
Knorr Soupy Noodles - Mast Masala,Knox Turmeric Chicken
Knorr Soupy Noodles - Mast Masala,Knorr Chicken & Veg Rice
Knorr Soupy Noodles - Mast Masala,Knorr Chicken & Veg Masala
Knorr Soupy Noodles - Mast Masala,Knorr Chicken & Veg Gravy
Knorr Soupy Noodles - Mast Masala,Knorr Chicken & Veg Soup
Knorr Soupy Noodles - Mast Masala,Knorr Tomato Soup
Knorr Soupy Noodles - Mast Masala,Knorr Vegetable Soup
Knorr Soupy Noodles - Mast Masala,Knorr Vegetable & Rice
Knorr Soupy Noodles - Mast Masala,Knorr Vegetable & Rice Masala
Knorr Soupy Noodles - Mast Masala,Knorr Vegetable & Rice Gravy
Amul Cheese Slices,Cheez Whiz
Amul Cheese Slices,Kraft Singles
Amul Cheese Slices,Philadelphia Brand Slices
Amul Cheese Slices,Kraft Singles
Amul Cheese Slices,Cheese Wiz
Maggi Hot and Sweet Tomato Chilli Sauce,Maggi Hot and Sweet Chili Sauce
Maggi Hot and Sweet Tomato Chilli Sauce,Maggi Hot and Sweet Spicy Tomato Sauce
Maggi Hot and Sweet Tomato Chilli Sauce,Maggi Hot and Sweet Chili Sauce
Maggi Hot and Sweet Tomato Chilli Sauce,Maggi Hot and Sweet Spicy Tomato Sauce
Maggi Hot and Sweet Tomato Chilli Sauce,Maggi Hot and Sweet Tomato Chilli Sauce
Maggi Hot and Sweet Tomato Chilli Sauce,Maggi Hot and Sweet Spicy Tomato Sauce
Maggi Hot and Sweet Tomato Chilli Sauce,Maggi Hot and Sweet Chili Sauce
Maggi Hot and Sweet Tomato Chilli Sauce,Maggi Hot and Sweet Spicy Tomato Sauce
Maggi Hot and Sweet Tomato Chilli Sauce,Maggi Hot and Sweet Chili Sauce
Maggi Hot and Sweet Tomato Chilli Sauce,Maggi Hot and Sweet Spicy Tomato Sauce
Bambino Roasted Vermicelli,Bambino Roasted Vermicelli
Bambino Roasted Vermicelli,Rice & Vegetables
Top Ramen Noodles - Curry Veg,Top Ramen Noodles - Curry Veg
Top Ramen Noodles - Curry Veg,Top Ramen Noodles - Japanese
Top Ramen Noodles - Curry Veg,Top Ramen Noodles - Teriyaki
Top Ramen Noodles - Curry Veg,Top Ramen Noodles - Tonkotsu
Top Ramen Noodles - Curry Veg,Top Ramen Noodles - Original
Top Ramen Noodles - Curry Veg,Top Ramen Noodles - Spicy Thai
Top Ramen Noodles - Curry Veg,Top Ramen Noodles - Spicy Chili
Top Ramen Noodles - Curry Veg,Top Ramen Noodles - Hot & Spicy
Top Ramen Noodles - Curry Veg,Top Ramen Noodles - Chunky Chicken
Top Ramen Noodles - Curry Veg,Top Ramen Noodles - Hot & Sour
Top Ramen Noodles - Curry Veg,Top Ramen Noodles - Shrimp
Bournvita Health Drink,Bournvita chocolates
Bournvita Health Drink,Bournvita biscuits
Bournvita Health Drink,Bournvita cereals
Mother's Recipe Mango Pickle,Mother's Recipe Green Mango Pickle
Mother's Recipe Mango Pickle,Mother's Recipe Lime Pickle
Mother's Recipe Mango Pickle,Mother's Recipe Guava Pickle
Mother's Recipe Mango Pickle,Mother's Recipe Lime Chilli Pickle
Mother's Recipe Mango Pickle,Mother's Recipe Lime Pickle
Mother's Recipe Mango Pickle,Mother's Recipe Lime Rasam
Mother's Recipe Mango Pickle,Mother's Recipe Lime Pickle
Mother's Recipe Mango Pickle,Mother's Recipe Mango Pickle
Sunfeast Yippee Noodles - Magic Masala,maggi chicken masala
Sunfeast Yippee Noodles - Magic Masala,masala magic noodles
Sunfeast Yippee Noodles - Magic Masala,masala noodles
Sunfeast Yippee Noodles - Magic Masala,magic masala noodles
Britannia Milk Bikis Biscuits,Britannia Milk Biscuits
Dabur Hommade Coconut Milk,Dabur Almond milk
Dabur Hommade Coconut Milk,Dabur Sunflower milk
Dabur Hommade Coconut Milk,Dabur Milk
Dabur Hommade Coconut Milk,Dabur Whole milk
Dabur Hommade Coconut Milk,Dabur Coconut milk
Dabur Hommade Coconut Milk,Dabur Chocolate milk
Dabur Hommade Coconut Milk,Dabur Honey
Dabur Hommade Coconut Milk,Dabur Cocoa powder
Dabur Hommade Coconut Milk,Dabur Peanut butter
Maggi Masala Noodles,Maggi Masala Noodles
Maggi Masala Noodles,Maggi 2 Minute Noodles
Maggi Masala Noodles,Maggi 2 Minute Noodles Masala
Maggi Masala Noodles,Maggi Masala Noodles
Maggi Masala Noodles,Maggi Spaghetti Noodles
Maggi Masala Noodles,Maggi Masala Noodles
Maggi Masala Noodles,Maggi Spaghetti Noodles
Maggi Masala Noodles,Maggi Spaghetti Noodles Masala
Maggi Masala Noodles,Maggi Noodles
Maggi Masala Noodles,Maggi Noodles Masala
Maggi Masala Noodles,Maggi Spaghetti Noodles
Amul Pure Ghee,Amul Pure Ghee
Amul Pure Ghee,Pure Butter Oil
Amul Pure Ghee,Pure Ghee
Amul Pure Ghee,Pure Cow Butter
Amul Pure Ghee,Pure Cow Butter Oil
Amul Pure Ghee,Pure Cow Butter
Amul Pure Ghee,Pure Butter
Haldiram's Nut Cracker,Haldiram's Raita
Haldiram's Nut Cracker,Haldiram's Rava Dosa
Haldiram's Nut Cracker,Haldiram's Dosa
Haldiram's Nut Cracker,Haldiram's Idly
Haldiram's Nut Cracker,Haldiram's Chana Masala
Haldiram's Nut Cracker,Haldiram's Masala
Haldiram's Nut Cracker,Haldiram's Chole
Haldiram's Nut Cracker,Haldiram's Dal Makhani
Haldiram's Nut Cracker,Haldiram's Dal
Haldiram's Nut Cracker,Haldiram's Chana
Haldiram's Nut Cracker,Haldiram's Haldiram's Nut Cracker is a type of
Haldiram's Nut Cracker,Haldiram's Similar food products are: Raita
Haldiram's Nut Cracker,Haldiram's Rava Dosa
Haldiram's Nut Cracker,Haldiram's Dosa
Haldiram's Nut Cracker,Haldiram's Idly
Haldiram's Nut Cracker,Haldiram's Chana Masala
Haldiram's Nut Cracker,Haldiram's Masala
Haldiram's Nut Cracker,Haldiram's Chole
Haldiram's Nut Cracker,Haldiram's Dal Makhani
Haldiram's Nut Cracker,Haldiram's Dal
Haldiram's Nut Cracker,Haldiram's Chana
Tata Tea Gold,Nescaf√© Gold Blend
Tata Tea Gold,Nestle Gold Blend
Tata Tea Gold,Red Rose Tea Golden Tips
Tata Tea Gold,Jacobs Golden Honey Blend
Nestle Everyday Dairy Whitener,Nestle Dairy Whitener
Nestle Everyday Dairy Whitener,Milkmaid Dairy Whitener
Nestle Everyday Dairy Whitener,Milo Dairy Whitener
Nestle Everyday Dairy Whitener,Nido Dairy Whitener
Nestle Everyday Dairy Whitener,Carnation Dairy Whitener
Nestle Everyday Dairy Whitener,Nesquik Dairy Whitener
Nestle Everyday Dairy Whitener,Wave Dairy Whitener
Nestle Everyday Dairy Whitener,Carnation Dairy Whitener
Nestle Everyday Dairy Whitener,Pero Dairy Whitener
Nestle Everyday Dairy Whitener,Knorr Dairy Whitener
Knorr Cup-a-Soup - Sweet Corn Veg,Knorr Cup-A-Soup - Carrot and Rice Vegetable
Knorr Cup-a-Soup - Sweet Corn Veg,Knorr Cup-A-Soup - Lentil Vegetable
Knorr Cup-a-Soup - Sweet Corn Veg,Knorr Cup-A-Soup - Chicken Noodle
Knorr Cup-a-Soup - Sweet Corn Veg,Knorr Cup-A-Soup - Tomato Rice
Knorr Cup-a-Soup - Sweet Corn Veg,Knorr Cup-A-Soup - Vegetable Rice
Knorr Cup-a-Soup - Sweet Corn Veg,Knorr Cup-A-Soup - Cream of Broccoli
Knorr Cup-a-Soup - Sweet Corn Veg,Knorr Cup-A-Soup - Celery Root
Knorr Cup-a-Soup - Sweet Corn Veg,Knorr Cup-A-Soup - Potatoes with Country Ham
Knorr Cup-a-Soup - Sweet Corn Veg,Knorr Cup-A-Soup - Potato with Bacon
Priya Ginger Garlic Paste,Priya Tandoori Masala Paste
Priya Ginger Garlic Paste,Priya Masala Paste
Priya Ginger Garlic Paste,Priya Red Chili Paste
Priya Ginger Garlic Paste,Priya Garlic Chutney
Priya Ginger Garlic Paste,Priya Ginger-Garlic Paste
Priya Ginger Garlic Paste,Priya Ginger-Garlic Chutney
Priya Ginger Garlic Paste,Priya Garlic Paste
Priya Ginger Garlic Paste,Priya Ginger and Garlic Paste
Priya Ginger Garlic Paste,Priya Ginger-Garlic Chutney
Britannia Good Day Biscuits - Cashew,Britannia Good Day Biscuits - Coconut
Britannia Good Day Biscuits - Cashew,Britannia Good Day Biscuits - Milk Choco
Britannia Good Day Biscuits - Cashew,Britannia Good Day Biscuits - Pista
Britannia Good Day Biscuits - Cashew,Britannia Good Day Biscuits - Coconut
Britannia Good Day Biscuits - Cashew,Britannia Good Day Biscuits - Almond
Britannia Good Day Biscuits - Cashew,Britannia Good Day Biscuits - Walnut
Britannia Good Day Biscuits - Cashew,Britannia Good Day Biscuits - Pistachio
Britannia Good Day Biscuits - Cashew,Britannia Good Day Biscuits - Cashew
Britannia Good Day Biscuits - Cashew,Britannia Good Day Biscuits - Pistachio
Britannia Good Day Biscuits - Cashew,Britannia Good Day Biscuits - Walnut
Britannia Good Day Biscuits - Cashew,Britannia Good Day Biscuits - Apricot
Britannia Marie Gold Biscuits,Cadbury Crunchie Biscuits
Britannia Marie Gold Biscuits,Prince Polo Biscuits
Britannia Marie Gold Biscuits,Kellogg's Coco Pops Biscuits
Britannia Marie Gold Biscuits,Nestle Kit Kat Biscuits
Britannia Marie Gold Biscuits,Suchard Milo Biscuits
Britannia Marie Gold Biscuits,Nestle Aero Biscuits
Britannia Marie Gold Biscuits,Nestle Nesquik Biscuits
Britannia Marie Gold Biscuits,Coronation Cream Biscuits
Britannia Marie Gold Biscuits,Dove chocolate Biscuits
Britannia Marie Gold Biscuits,Oreo Biscuits
Britannia Marie Gold Biscuits,Hershey's Biscuits
Maggi Vegetable Atta Noodles,Maggi Vegetable Pasta
Maggi Vegetable Atta Noodles,Maggi Tuna Pasta
Maggi Vegetable Atta Noodles,Maggi Pasta Primavera
Maggi Vegetable Atta Noodles,Maggi Tortellini
Maggi Vegetable Atta Noodles,Maggi Ravioli
Maggi Vegetable Atta Noodles,Maggi Gnocchi
Maggi Vegetable Atta Noodles,Maggi Yakisoba
Maggi Vegetable Atta Noodles,Maggi Chow Mein
Knorr Chicken Noodle Soup,Knorr 12 soup mixes
Knorr Chicken Noodle Soup,Knorr Foods
Knorr Chicken Noodle Soup,Knorr produces
Knorr Chicken Noodle Soup,Knorr Recipe
Knorr Chicken Noodle Soup,Knorr Soup
Knorr Chicken Noodle Soup,Knorr Chicken
Knorr Chicken Noodle Soup,Knorr Noodle Soup
Knorr Chicken Noodle Soup,Knorr Creamy Cheddar
Knorr Chicken Noodle Soup,Knorr Ramen
Amul Cheese Spread,Amul Cheese Spread
Amul Cheese Spread,Amul Butter
Amul Cheese Spread,Amul Cheese Spread
Amul Cheese Spread,Amul Butter
Amul Cheese Spread,Amul Cheese Spread
Everest Garam Masala,Garam Masala
Everest Garam Masala,Garam Masala Mix
Everest Garam Masala,Garam Masala Mix Mild
Everest Garam Masala,Garam Masala Mix Hot
Everest Garam Masala,Garam Masala Mix
Everest Garam Masala,Himalayan Garam Masala
Everest Garam Masala,Everest Garam Masala
Everest Garam Masala,Everest Garam Masala Mix
Saffola Masala Oats,Saffola Oats
Saffola Masala Oats,Oats
Saffola Masala Oats,Regular
Saffola Masala Oats,Cheerios
Saffola Masala Oats,Original
Saffola Masala Oats,Cream of Wheat
Saffola Masala Oats,Original
Saffola Masala Oats,Cream of Wheat
Saffola Masala Oats,Instant
Saffola Masala Oats,Quaker Oats
Saffola Masala Oats,Honey Nut Cheerios
Saffola Masala Oats,Frosted Flakes
Saffola Masala Oats,Golden Grahams
Saffola Masala Oats,Kitchen Sink
Saffola Masala Oats,Cream of Rice
Saffola Masala Oats,Cream of Wheat
Saffola Masala Oats,Puffed Wheat
Maggi Masala-e-Magic,Maggi Masala-e-Magic
Britannia Good Day Cookies - Choco Chip,Britannia Good Day Cookies - Chocolate Chip
Britannia Good Day Cookies - Choco Chip,Britannia Good Day Cookies - Choco Hazelnut
Britannia Good Day Cookies - Choco Chip,Britannia Good Day Cookies - Ginger
Britannia Good Day Cookies - Choco Chip,Britannia Good Day Cookies - Nutty
Britannia Good Day Cookies - Choco Chip,Britannia Good Day Cookies - Oatmeal
Britannia Good Day Cookies - Choco Chip,Britannia Good Day Cookies - Raisin
Britannia Good Day Cookies - Choco Chip,Britannia Good Day Cookies - Vanilla
Britannia Good Day Cookies - Choco Chip,Britannia Good Day Cookies - Walnut
Britannia Good Day Cookies - Choco Chip,Britannia Good Day Cookies - White Chocolate
MDH Deggi Mirch,MDH Mirch Masala
MDH Deggi Mirch,MDH Sarson ka Masala
MDH Deggi Mirch,MDH Saunf
MDH Deggi Mirch,MDH Jeera
MDH Deggi Mirch,MDH Ajwain
MDH Deggi Mirch,MDH Haldi
MDH Deggi Mirch,MDH Elaichi
MDH Deggi Mirch,MDH Sajjans
MDH Deggi Mirch,MDH Urad
MDH Deggi Mirch,MDH Karam
Haldiram's Soan Papdi,Ajanta Soan Papdi
Haldiram's Soan Papdi,Soan Papdi
Haldiram's Soan Papdi,Papdi
TATA Sampann Toor Dal,TATA Chana Dal
TATA Sampann Toor Dal,TATA Chickpeas
TATA Sampann Toor Dal,TATA Gram Dal
TATA Sampann Toor Dal,TATA Lentils
TATA Sampann Toor Dal,TATA Lentils
TATA Sampann Toor Dal,TATA Black
TATA Sampann Toor Dal,TATA Lentils
TATA Sampann Toor Dal,TATA Brown
TATA Sampann Toor Dal,TATA Lentils
TATA Sampann Toor Dal,TATA Red
TATA Sampann Toor Dal,TATA Masoor Dal
TATA Sampann Toor Dal,TATA Toor Dal
Saffola Masala Oats - Peppy Tomato,Russell Stover Sugar Free Chocolate Bars
Saffola Masala Oats - Peppy Tomato,Laurel Whole Wheat Bread
Saffola Masala Oats - Peppy Tomato,Eggo Waffles
Saffola Masala Oats - Peppy Tomato,Pillsbury Toaster Strudel
Saffola Masala Oats - Peppy Tomato,Kellogg's Special K
Saffola Masala Oats - Peppy Tomato,Stonyfield Organic Oikos Yogurt
Saffola Masala Oats - Peppy Tomato,Yoplait Original Yogurt
Saffola Masala Oats - Peppy Tomato,Hershey's Cookies 'n' Creme
Saffola Masala Oats - Peppy Tomato,Nabisco Oreos
Aashirvaad Ready Meals - Dal Makhani,Aashirvaad soya granules
Aashirvaad Ready Meals - Dal Makhani,Aashirvaad soya sauce
Aashirvaad Ready Meals - Dal Makhani,Aashirvaad flour
Aashirvaad Ready Meals - Dal Makhani,Aashirvaad salt
Aashirvaad Ready Meals - Dal Makhani,Aashirvaad oil
Aashirvaad Ready Meals - Dal Makhani,Aashirvaad lemon juice
Aashirvaad Ready Meals - Dal Makhani,Aashirvaad dried red chillies
Aashirvaad Ready Meals - Dal Makhani,Aashirvaad garam masala
Aashirvaad Ready Meals - Dal Makhani,Aashirvaad red chilli powder
Aashirvaad Ready Meals - Dal Makhani,Aashirvaad turmeric
Aashirvaad Ready Meals - Dal Makhani,Aashirvaad coriander powder
MTR Instant Vermicelli Payasam,MTR Instant Vermicelli Payasam
MTR Instant Vermicelli Payasam,MTR Instant Vermicelli Curry
MTR Instant Vermicelli Payasam,MTR Instant Vermicelli Idli
MTR Instant Vermicelli Payasam,MTR Instant Vermicelli Rawa
MTR Instant Vermicelli Payasam,MTR Instant Vermicelli Idiyappam
MTR Instant Vermicelli Payasam,MTR Instant Vermicelli Idli
MTR Instant Vermicelli Payasam,MTR Instant Vermicelli Rice
MTR Instant Vermicelli Payasam,MTR Instant Vermicelli Kheer
MTR Instant Vermicelli Payasam,MTR Instant Vermicelli Bhaji
MTR Instant Vermicelli Payasam,MTR Instant Vermicelli Rice
MTR Instant Vermicelli Payasam,MTR Instant Vermicelli Biriyani
Haldiram's Bhel Puri,Haldiram's Masala Puri
Haldiram's Bhel Puri,Haldiram's Jala Puri
Haldiram's Bhel Puri,Haldiram's Rasam Puri
Haldiram's Bhel Puri,Haldiram's Sev Puri
Haldiram's Bhel Puri,Haldiram's Jhaal Muri
Haldiram's Bhel Puri,Haldiram's Khara Muri
Haldiram's Bhel Puri,Haldiram's Puri
Haldiram's Bhel Puri,Haldiram's Thalipeeth
Haldiram's Bhel Puri,Haldiram's Karam Puri
Haldiram's Bhel Puri,Haldiram's Dhokla
Parle Monaco Biscuits,Cadbury Milk Chocolate Biscuits
Parle Monaco Biscuits,Pierre Biscuits
Parle Monaco Biscuits,Hershey Kisses
Parle Monaco Biscuits,Nestle Kitkat
Parle Monaco Biscuits,Nestle Tender choco
Parle Monaco Biscuits,Cadbury Dairy Milk
Parle Monaco Biscuits,Cadbury Mini Eggs
Parle Monaco Biscuits,Cadbury Fruit & Nut
Parle Monaco Biscuits,Keebler Fudge stripe
Parle Monaco Biscuits,Keebler Fudge stripe cookies
MTR Rava Idli Mix,MTR Pav Mix
MTR Rava Idli Mix,MTR Curd Rice
MTR Rava Idli Mix,MTR Cornflakes
MTR Rava Idli Mix,MTR Noodles
MTR Rava Idli Mix,MTR Choco Crisp
MTR Rava Idli Mix,MTR Fruits Cream
MTR Rava Idli Mix,MTR Upma
MTR Rava Idli Mix,MTR Sugar
MTR Rava Idli Mix,MTR Spicy Masala Noodles
Nestle Maggi Hot and Sweet Tomato Chilli Sauce,Nestle Sweet and Sour Sauce
Nestle Maggi Hot and Sweet Tomato Chilli Sauce,Nestle Sweet Chilli Sauce
Nestle Maggi Hot and Sweet Tomato Chilli Sauce,Nestle Coconut Chilli Sauce
Nestle Maggi Hot and Sweet Tomato Chilli Sauce,Nestle Chilli Sauce
Nestle Maggi Hot and Sweet Tomato Chilli Sauce,Nestle Tomato Sauce
Nestle Maggi Hot and Sweet Tomato Chilli Sauce,Nestle Hot Tomato Chilli Sauce
Nestle Maggi Hot and Sweet Tomato Chilli Sauce,Nestle Sweet and Spicy Sauce
Nestle Maggi Hot and Sweet Tomato Chilli Sauce,Nestle Sweet and Sour Chilli Sauce
Nestle Maggi Hot and Sweet Tomato Chilli Sauce,Nestle Hot Chilli Sauce
Nestle Maggi Hot and Sweet Tomato Chilli Sauce,Nestle Hot and Sour Sauce
Eastern Chicken Masala,Eastern chicken masala
Eastern Chicken Masala,Eastern chicken tikka masala
Eastern Chicken Masala,Eastern chicken curry
Eastern Chicken Masala,Eastern chicken vindaloo
Eastern Chicken Masala,Eastern chicken tikka
Eastern Chicken Masala,Eastern shahi paneer
Eastern Chicken Masala,Eastern chicken tikka masala
Eastern Chicken Masala,Eastern chicken tikka
Eastern Chicken Masala,Eastern chicken korma
Eastern Chicken Masala,Eastern chicken tikka masala
Eastern Chicken Masala,Eastern chicken masala
Eastern Chicken Masala,Eastern chicken tikka masala
Eastern Chicken Masala,Eastern chicken curry
Eastern Chicken Masala,Eastern chicken vindaloo
Eastern Chicken Masala,Eastern chicken tikka
Eastern Chicken Masala,Eastern shahi paneer
Eastern Chicken Masala,Eastern chicken tikka masala
Eastern Chicken Masala,Eastern chicken tikka
Eastern Chicken Masala,Eastern chicken korma
Eastern Chicken Masala,Eastern chicken tikka masala
Eastern Chicken Masala,Eastern chicken masala
Eastern Chicken Masala,Eastern chicken tikka masala
Eastern Chicken Masala,Eastern chicken curry
Eastern Chicken Masala,Eastern chicken vindaloo
Eastern Chicken Masala,Eastern chicken tikka
Eastern Chicken Masala,Eastern shahi paneer
Knorr Tomato Soup,tomato soup
Knorr Tomato Soup,tomato soup with basil
Knorr Tomato Soup,tomato soup with cheese
Knorr Tomato Soup,tomato soup with feta
Knorr Tomato Soup,tomato soup with ginger
Knorr Tomato Soup,tomato soup with mint
Knorr Tomato Soup,tomato soup with pasta
Knorr Tomato Soup,tomato soup with rice
Knorr Tomato Soup,tomato soup with thyme
Knorr Tomato Soup,tomato soup with vegetables
Parle G Biscuits,Parle Tiger Biscuits
Parle G Biscuits,Klay Kreme Biscuits
Parle G Biscuits,Kelloggs Biscuits
Parle G Biscuits,Bovril
Maggi 2-Minute Noodles,Campbells 2 Min
Maggi 2-Minute Noodles,Noodle Soup
Maggi 2-Minute Noodles,Won Ton Noodle Soup
Maggi 2-Minute Noodles,Ramen Noodle Soup
Maggi 2-Minute Noodles,Ramen Noodle Chow Mein
Maggi 2-Minute Noodles,Ramen Noodle & Vegetable Stir Fry
Maggi 2-Minute Noodles,Ramen Noodle Soup
Maggi 2-Minute Noodles,Ramen Noodle Salad
Maggi 2-Minute Noodles,Ramen Noodle and Grilled Vegetable Salad
Maggi 2-Minute Noodles,Ramen Noodle Soup
Maggi 2-Minute Noodles,Ramen Noodles
Tata Salt,Tata Jaggery
Tata Salt,Tata Tea
Tata Salt,Tata Gold
Tata Salt,Tata Pepper
Tata Salt,Tata Navaratna
Tata Salt,Tata Tea Mate
Tata Salt,Tata Tomato Sauce
Aashirvaad Atta,Aashirvaad Atta
Patanjali Amla Juice,Mango
Patanjali Amla Juice,Orange
Patanjali Amla Juice,Grape
Patanjali Amla Juice,Apple
Patanjali Amla Juice,Grapefruit
Patanjali Amla Juice,Banana
Patanjali Amla Juice,Pear
Patanjali Amla Juice,Kiwi
Patanjali Amla Juice,Pineapple
Haldiram's Punjabi Tadka,Canned Black Beans
Haldiram's Punjabi Tadka,Canned Lima Beans
Haldiram's Punjabi Tadka,Canned Pinto Beans
Haldiram's Punjabi Tadka,Canned Red Kidney Beans
Haldiram's Punjabi Tadka,Canned Black Eyed Peas
Haldiram's Punjabi Tadka,Canned Kidney Beans
Haldiram's Punjabi Tadka,Canned Garbanzo Beans
Haldiram's Punjabi Tadka,Canned Cannellini Beans
Haldiram's Punjabi Tadka,Canned Great Northern Beans
Haldiram's Punjabi Tadka,Canned Navy Beans
MDH Chunky Chaat Masala,MDH Garlic Sauce
MDH Chunky Chaat Masala,MDH Chunky Chutney
MDH Chunky Chaat Masala,MDH Chunky Pickle
MDH Chunky Chaat Masala,MDH Chunky Mango Pickle
MDH Chunky Chaat Masala,MDH Chunky Tomato Chutney
MDH Chunky Chaat Masala,MDH Chunky Tomatoes
MDH Chunky Chaat Masala,MDH Chunky Tomato Ketchup
MDH Chunky Chaat Masala,MDH Chunky Mango Chutney
MDH Chunky Chaat Masala,MDH Chunky Mango Pickle
Britannia Good Day Cookies,Britannia Good Day Cookies
Britannia Good Day Cookies,Polar Puffs Cookies
Britannia Good Day Cookies,Clif Bar Cookies
Britannia Good Day Cookies,Two Degree Cookies
Britannia Good Day Cookies,Cookie Crisp Cookies
Britannia Good Day Cookies,Cheeze-It Cookies
Britannia Good Day Cookies,Nestle's Toll House Cookies
Britannia Good Day Cookies,Keebler Cookies
Britannia Good Day Cookies,Nabisco Cookies
Britannia Good Day Cookies,Nabisco Cookies
Britannia Good Day Cookies,Nestle Cookies
Britannia Good Day Cookies,Keebler Cookies
MTR Ready To Eat Pindi Chana,MTR Ready To Eat Chana Masala
MTR Ready To Eat Pindi Chana,MTR Ready To Eat Chana Kofta
MTR Ready To Eat Pindi Chana,MTR Ready To Eat Chana Tikka
MTR Ready To Eat Pindi Chana,MTR Ready To Eat Pindi Chana Rice
MTR Ready To Eat Pindi Chana,MTR Ready To Eat Chana Rice
MTR Ready To Eat Pindi Chana,MTR Ready To Eat Chana
MTR Ready To Eat Pindi Chana,MTR Ready To Eat Chana Masala
MTR Ready To Eat Pindi Chana,MTR Ready To Eat Chana Kofta
MTR Ready To Eat Pindi Chana,MTR Ready To Eat Chana Tikka
Bru Instant Coffee,Taster's Choice
Bru Instant Coffee,Espresso
Bru Instant Coffee,Nescafe
Bru Instant Coffee,Capuccino
Bru Instant Coffee,Mocha
Bru Instant Coffee,Latte
Bru Instant Coffee,Cappuccino
Bru Instant Coffee,Cafe Au Lait
Bru Instant Coffee,Cervelat
Nestle Munch Chocolate,Nestle Chocolate Crispy Cereal Bar
Nestle Munch Chocolate,Nestle Nestum cereal bars
Nestle Munch Chocolate,Nestle Crunch
Nestle Munch Chocolate,Nestle Fitness Mix
Nestle Munch Chocolate,Nestle Munch
Nestle Munch Chocolate,Nestle Crunchy
Nestle Munch Chocolate,Nestle Crunchy Munch
Nestle Munch Chocolate,Nestle Fitness
Nestle Munch Chocolate,Nestle Crunch
Nestle Munch Chocolate,Nestle Munch
Nestle Munch Chocolate,Nestle Fitness Munch
Nestle Munch Chocolate,Nestle Crunch
Patanjali Honey,A1 Cottage Cheese
Patanjali Honey,Lara Bar
Patanjali Honey,Pogo
Patanjali Honey,Nilla Wafer
Patanjali Honey,Nilla Wafer Minis
Patanjali Honey,Nilla Caramel
Patanjali Honey,Nilla Cake
Patanjali Honey,Nilla Cookie
Patanjali Honey,Nilla Oatmeal
Patanjali Honey,Nilla Chocolate
Top Ramen Curry Veg Noodles,Top Ramen Noodles
Top Ramen Curry Veg Noodles,Nissin Top Ramen Noodles
Top Ramen Curry Veg Noodles,Nissin Top Ramen Chow Mein
Top Ramen Curry Veg Noodles,Top Ramen Soup
Top Ramen Curry Veg Noodles,Top Ramen Spicy
Top Ramen Curry Veg Noodles,Top Ramen Noodles
Top Ramen Curry Veg Noodles,Top Ramen Spice
Top Ramen Curry Veg Noodles,Top Ramen Oriental
Top Ramen Curry Veg Noodles,Top Ramen Teriyaki
Top Ramen Curry Veg Noodles,Top Ramen Soy Sauce
Top Ramen Curry Veg Noodles,Top Ramen Curry
Top Ramen Curry Veg Noodles,Top Ramen Veggies
Top Ramen Curry Veg Noodles,Nissin Top Ramen Veggies
Top Ramen Curry Veg Noodles,Nissin Top Ramen Teriyaki
Top Ramen Curry Veg Noodles,Nissin Top Ramen Spicy
Top Ramen Curry Veg Noodles,Nissin Top Ramen Oriental
Top Ramen Curry Veg Noodles,Nissin Top Ramen Soup
Top Ramen Curry Veg Noodles,Nissin Top Ramen Soy Sauce
Kissan Tomato Ketchup,Heinz Tomato Ketchup