Cadbury Dairy Milk Silk - Bubbly,Lindt Truffles
Cadbury Dairy Milk Silk - Bubbly,J&D's Peanut Butter Cups
Haldiram's Moong Dal,Haldiram's Onion Bhajia
Haldiram's Moong Dal,Haldiram's Cucumber

Haldiram's Moong Dal
Haldiram's Moong Dal,Haldiram's Samosa
Haldiram's Moong Dal,Haldiram's Onion Bhajia
Haldiram's Moong Dal,Haldiram's Cucumber
Maggi 2-Minute Noodles - Masala,Maggi 2-Minute Noodles - Masala
Maggi 2-Minute Noodles - Masala,Maggi 2-Minute Noodles - Tomato
Maggi 2-Minute Noodles - Masala,Maggi 2-Minute Noodles - Chilli Mango
Maggi 2-Minute Noodles - Masala,Maggi 2-Minute Noodles - Tomato Chilli



### NOT GOOD
Cadbury Dairy Milk Silk - Bubbly,Lindt Truffles
Cadbury Dairy Milk Silk - Bubbly,J&D's Peanut Butter Cups
Haldiram's Moong Dal,Haldiram's Onion Bhajia
Haldiram's Moong Dal,Haldiram's Cucumber

Haldiram's Moong Dal
Haldiram's Moong Dal,Haldiram's Samosa
Haldiram's Moong Dal,Haldiram's Onion Bhajia
Haldiram's Moong Dal,Haldiram's Cucumber
Maggi 2-Minute Noodles - Masala,Maggi 2-Minute Noodles - Masala
Maggi 2-Minute Noodles - Masala,Maggi 2-Minute Noodles - Tomato
Maggi 2-Minute Noodles - Masala,Maggi 2-Minute Noodles - Chilli Mango
Maggi 2-Minute Noodles - Masala,Maggi 2-Minute Noodles - Tomato Chilli
Amul Butter,['Cadbury Dairy Milk']
Amul Butter,[' Bournville']
Amul Butter,[' Britannia Bread']
Amul Butter,[" Land O'Lakes"]
Amul Butter,[' Tillamook']
Amul Butter,[' Modern Continental']
Amul Butter,[' Duchy']
Amul Butter,['']
Amul Butter,['Parmalat']
Amul Butter,[' Vegemite']
Amul Butter,[' Lion']
Amul Butter,[' Ghee']
Amul Butter,[' Saag']
Amul Butter,[' Queso']
Amul Butter,[' Pal']
Amul Butter,[' Lhoft']
Amul Butter,['']
Amul Butter,['Question']
Amul Butter,['']
Amul Butter,['An Amul Butter company is launching a new type of butter using cow milk and they want to know which food products to use as a benchmark', '']
Amul Butter,['']
Amul Butter,['There are a number of products which are similar to the new Amul Butter', ' These are:']
Cadbury Dairy Milk Silk - Bubbly,['Cadbury Dairy Milk Silk - Ferrero']
Cadbury Dairy Milk Silk - Bubbly,['']
Cadbury Dairy Milk Silk - Bubbly,['Cadbury Dairy Milk Silk - Milky Way']
Cadbury Dairy Milk Silk - Bubbly,['']
Cadbury Dairy Milk Silk - Bubbly,['Cadbury Dairy Milk Silk - Crunchie']
Cadbury Dairy Milk Silk - Bubbly,['']
Cadbury Dairy Milk Silk - Bubbly,['Cadbury Dairy Milk Silk - Marathon']
Cadbury Dairy Milk Silk - Bubbly,['']
Cadbury Dairy Milk Silk - Bubbly,['Cadbury Dairy Milk Silk - Wispa']
Cadbury Dairy Milk Silk - Bubbly,['']
Cadbury Dairy Milk Silk - Bubbly,['Cadbury Dairy Milk Silk - Twirl']
Cadbury Dairy Milk Silk - Bubbly,['']
Cadbury Dairy Milk Silk - Bubbly,['Cadbury Dairy Milk Silk - Flake']
Cadbury Dairy Milk Silk - Bubbly,['']
Cadbury Dairy Milk Silk - Bubbly,['Cadbury Dairy Milk Silk - Creme Egg']
Cadbury Dairy Milk Silk - Bubbly,['']
Cadbury Dairy Milk Silk - Bubbly,['Cadbury Dairy Milk Silk - Flake']
Cadbury Dairy Milk Silk - Bubbly,['']
Cadbury Dairy Milk Silk - Bubbly,['Cadbury Dairy Milk Silk - Curly Wurly']
Haldiram's Moong Dal,['Tetley Moong Dal']
Haldiram's Moong Dal,['']
Haldiram's Moong Dal,['Tasty Bite Moong Dal']
Haldiram's Moong Dal,['']
Haldiram's Moong Dal,['Nestle Moong Dal']
Haldiram's Moong Dal,['']
Haldiram's Moong Dal,['Namkeen Moong Dal']
Haldiram's Moong Dal,['']
Haldiram's Moong Dal,['Nestle Moong Dal']
Haldiram's Moong Dal,['']
Haldiram's Moong Dal,['Namkeen Moong Dal']
Haldiram's Moong Dal,['']
Haldiram's Moong Dal,['Nestle Moong Dal']
Haldiram's Moong Dal,['']
Haldiram's Moong Dal,['Namkeen Moong Dal']
Haldiram's Moong Dal,['']
Haldiram's Moong Dal,['Nestle Moong Dal']
Haldiram's Moong Dal,['']
Haldiram's Moong Dal,['Namkeen Moong Dal']
Maggi 2-Minute Noodles - Masala,['Maggi 2-Minute Noodles - Chilli - Hot']
Maggi 2-Minute Noodles - Masala,['']
Maggi 2-Minute Noodles - Masala,['Nissin 2-Minute Noodles - Chilli - Hot']
Maggi 2-Minute Noodles - Masala,['']
Maggi 2-Minute Noodles - Masala,['Nissin 2-Minute Noodles - Chicken - Hot']
Maggi 2-Minute Noodles - Masala,['']
Maggi 2-Minute Noodles - Masala,['Nissin 2-Minute Noodles - Curry - Hot']
Maggi 2-Minute Noodles - Masala,['']
Maggi 2-Minute Noodles - Masala,['Famous Amos Cookies']
Amul Butter,['Amul Butters']
Amul Butter,[' Amul Cheese Spread']
Amul Butter,[' Amul Chocolate']
Amul Butter,[' Amul Idli']
Amul Butter,[' Amul Mawa']
Amul Butter,[' Amul Milk']
Amul Butter,[' Amul Cheese']
Amul Butter,[' Amul Paneer']
Amul Butter,[' Amul Ghee']
Amul Butter,[' Amul Butter Royce']
Cadbury Dairy Milk Silk - Bubbly,['Cadbury Dairy Milk Chocolate']
Cadbury Dairy Milk Silk - Bubbly,['']
Cadbury Dairy Milk Silk - Bubbly,['Cadbury Dairy Milk - Creme']
Cadbury Dairy Milk Silk - Bubbly,['']
Cadbury Dairy Milk Silk - Bubbly,['Cadbury Dairy Milk - Truffle']
Cadbury Dairy Milk Silk - Bubbly,['']
Cadbury Dairy Milk Silk - Bubbly,['Cadbury Dairy Milk - Caramel']
Cadbury Dairy Milk Silk - Bubbly,['']
Cadbury Dairy Milk Silk - Bubbly,['Cadbury Dairy Milk - Roast']
Cadbury Dairy Milk Silk - Bubbly,['']
Cadbury Dairy Milk Silk - Bubbly,['Cadbury Dairy Milk - Hazelnut']
Cadbury Dairy Milk Silk - Bubbly,['']
Cadbury Dairy Milk Silk - Bubbly,['Cadbury Dairy Milk - Double Chocolate']
Cadbury Dairy Milk Silk - Bubbly,['']
Cadbury Dairy Milk Silk - Bubbly,['Cadbury Dairy Milk - White']
Cadbury Dairy Milk Silk - Bubbly,['']
Cadbury Dairy Milk Silk - Bubbly,['Cadbury Dairy Milk - Fudge']
Cadbury Dairy Milk Silk - Bubbly,['']
Cadbury Dairy Milk Silk - Bubbly,['Cadbury Dairy Milk - Chocolate']
Haldiram's Moong Dal,['Haldiram Ki Puri']
Haldiram's Moong Dal,['']
Haldiram's Moong Dal,["Haldiram's Chana Dal"]
Haldiram's Moong Dal,['']
Haldiram's Moong Dal,["Haldiram's Channa"]
Haldiram's Moong Dal,['']
Haldiram's Moong Dal,["Haldiram's Urad Dal"]
Haldiram's Moong Dal,['']
Haldiram's Moong Dal,["Haldiram's Sesame Seeds"]
Haldiram's Moong Dal,['']
Haldiram's Moong Dal,['Haldirams Murukku']
Haldiram's Moong Dal,['']
Haldiram's Moong Dal,["Haldiram's Khatta"]
Haldiram's Moong Dal,['']
Haldiram's Moong Dal,["Haldiram's Kurma"]
Haldiram's Moong Dal,['']
Haldiram's Moong Dal,["Haldiram's Rice"]
Haldiram's Moong Dal,['']
Haldiram's Moong Dal,["Haldiram's Khajoor"]
Maggi 2-Minute Noodles - Masala,['2', '5 from 4 votes']
Maggi 2-Minute Noodles - Masala,['']
Maggi 2-Minute Noodles - Masala,['Nissin 2-Minute Noodle Mi Goreng']
Maggi 2-Minute Noodles - Masala,['']
Maggi 2-Minute Noodles - Masala,["Campbell's Chunky Soup"]
Maggi 2-Minute Noodles - Masala,['']
Maggi 2-Minute Noodles - Masala,["Campbell's Chunky Soup - Homestyle"]
Maggi 2-Minute Noodles - Masala,['']
Maggi 2-Minute Noodles - Masala,["Campbell's Chunky Soup - Hearty"]
Maggi 2-Minute Noodles - Masala,[' Mushroom']
Maggi 2-Minute Noodles - Masala,['']
Maggi 2-Minute Noodles - Masala,["Campbell's Chunky Soup - Hearty"]
Maggi 2-Minute Noodles - Masala,[' Lentil']
Maggi 2-Minute Noodles - Masala,['']
Maggi 2-Minute Noodles - Masala,["Campbell's Chunky Soup - Hearty"]
Maggi 2-Minute Noodles - Masala,[' Tomato']
Maggi 2-Minute Noodles - Masala,['']
Maggi 2-Minute Noodles - Masala,['Knorr 2-Minute Noodles - Tomato']
Maggi 2-Minute Noodles - Masala,['']
Maggi 2-Minute Noodles - Masala,['Knorr 2-Minute Noodles - Indian Style']
Maggi 2-Minute Noodles - Masala,['']
Maggi 2-Minute Noodles - Masala,['Knorr 2-Minute Noodles - Szechwan Style']
Maggi 2-Minute Noodles - Masala,['']
Maggi 2-Minute Noodles - Masala,['Knorr 2-Minute Noodles - Authentic Oriental Style']
Amul Butter,['Amul Butter']
Amul Butter,['']
Amul Butter,['Amul Cream']
Amul Butter,['']
Amul Butter,['Amul Milk']
Amul Butter,['']
Amul Butter,['Amul Cheese']
Amul Butter,['']
Amul Butter,['Amul Cow']
Amul Butter,['']
Amul Butter,['Amul Cow']
Amul Butter,['']
Amul Butter,['Amul Cow']
Amul Butter,['']
Amul Butter,['Amul Cow']
Amul Butter,['']
Amul Butter,['Amul Cow']
Amul Butter,['']
Amul Butter,['Amul Cow']
Cadbury Dairy Milk Silk - Bubbly,['Cadbury Dairy Milk Silk - Dairy Milk']
Cadbury Dairy Milk Silk - Bubbly,['']
Cadbury Dairy Milk Silk - Bubbly,['Cadbury Dairy Milk Silk - Smooth']
Cadbury Dairy Milk Silk - Bubbly,['']
Cadbury Dairy Milk Silk - Bubbly,['Cadbury Dairy Milk Silk - White']
Cadbury Dairy Milk Silk - Bubbly,['Maltesers']
Cadbury Dairy Milk Silk - Bubbly,['Mounds']
Cadbury Dairy Milk Silk - Bubbly,['Milky Way']
Cadbury Dairy Milk Silk - Bubbly,['Fruit & Nut']
Cadbury Dairy Milk Silk - Bubbly,['Snickers']
Cadbury Dairy Milk Silk - Bubbly,['Mars']
Cadbury Dairy Milk Silk - Bubbly,['Nestle']
Cadbury Dairy Milk Silk - Bubbly,['Nestle Rolo']
Cadbury Dairy Milk Silk - Bubbly,['']
Haldiram's Moong Dal,["Haldiram's Aloo Matar"]
Haldiram's Moong Dal,['']
Haldiram's Moong Dal,["Haldiram's Chicken Tikka"]
Haldiram's Moong Dal,['']
Haldiram's Moong Dal,["Haldiram's Rajma Masala"]
Haldiram's Moong Dal,['']
Haldiram's Moong Dal,["Haldiram's Paneer Tikka"]
Haldiram's Moong Dal,['']
Haldiram's Moong Dal,["Haldiram's Garlic Naan"]
Haldiram's Moong Dal,['']
Haldiram's Moong Dal,["Haldiram's Vegetable Samosa"]
Haldiram's Moong Dal,['']
Haldiram's Moong Dal,["Haldiram's Raita"]
Haldiram's Moong Dal,['']
Haldiram's Moong Dal,["Haldiram's Gajar Ka Halwa"]
Haldiram's Moong Dal,['']
Haldiram's Moong Dal,["Haldiram's Mango Ice Cream"]
Haldiram's Moong Dal,['']
Haldiram's Moong Dal,["Haldiram's Keema Pav"]
Maggi 2-Minute Noodles - Masala,['Maggi 2-Minute Noodles - Spicy']
Maggi 2-Minute Noodles - Masala,['']
Maggi 2-Minute Noodles - Masala,['Maggi 2-Minute Noodles - Thai Curry']
Maggi 2-Minute Noodles - Masala,['']
Maggi 2-Minute Noodles - Masala,['Maggi 2-Minute Noodles - Tomato']
Maggi 2-Minute Noodles - Masala,['']
Maggi 2-Minute Noodles - Masala,['Maggi 2-Minute Noodles - Chilli']
Maggi 2-Minute Noodles - Masala,['']
Maggi 2-Minute Noodles - Masala,['Maggi 2-Minute Noodles - Sweet & Sour']
Maggi 2-Minute Noodles - Masala,['']
Maggi 2-Minute Noodles - Masala,['Maggi 2-Minute Noodles - Oriental']
Maggi 2-Minute Noodles - Masala,['']
Maggi 2-Minute Noodles - Masala,['Maggi 2-Minute Noodles - Noodles']
Maggi 2-Minute Noodles - Masala,['']
Maggi 2-Minute Noodles - Masala,['Maggi 2-Minute Noodles - Pasta']
Maggi 2-Minute Noodles - Masala,['']
Maggi 2-Minute Noodles - Masala,['Maggi 2-Minute Noodles - Rice']
Maggi 2-Minute Noodles - Masala,['']
Maggi 2-Minute Noodles - Masala,['Maggi 2-Minute Noodles - Fried Rice']
Maggi 2-Minute Noodles - Masala,['']
Maggi 2-Minute Noodles - Masala,['Maggi 2-Minute Noodles - Pav Bhaji']
Amul Butter,['A', 'm', 'u', 'l', ' ', 'B', 'u', 't', 't', 'e', 'r']
Amul Butter,['A', 'm', 'u', 'l', ' ', 'T', 'a', 's', 't', 'y', ' ', 'C', 'u', 'r', 'd']
Amul Butter,['A', 'm', 'u', 'l', ' ', 'T', 'a', 's', 't', 'y', ' ', 'P', 'a', 'n', 'e', 'e', 'r']
Amul Butter,['A', 'm', 'u', 'l', ' ', 'T', 'a', 's', 't', 'y', ' ', 'C', 'h', 'e', 'e', 's', 'e']
Amul Butter,['A', 'm', 'u', 'l', ' ', 'T', 'a', 's', 't', 'y', ' ', 'C', 'h', 'e', 'e', 's', 'e', ' ', 'C', 'a', 'k', 'e']
Amul Butter,['A', 'm', 'u', 'l', ' ', 'T', 'a', 's', 't', 'y', ' ', 'C', 'h', 'e', 'e', 's', 'e', ' ', 'S', 'l', 'i', 'c', 'e', 's']
Amul Butter,['A', 'm', 'u', 'l', ' ', 'T', 'a', 's', 't', 'y', ' ', 'C', 'h', 'e', 'e', 's', 'e', ' ', 'T', 'o', 'a', 's', 't']
Amul Butter,['A', 'm', 'u', 'l', ' ', 'T', 'a', 's', 't', 'y', ' ', 'c', 'h', 'e', 'e', 's', 'e', ' ', 'S', 'p', 'r', 'e', 'a', 'd']
Amul Butter,['A', 'm', 'u', 'l', ' ', 'P', 'a', 'n', 'e', 'e', 'r']
Amul Butter,['A', 'm', 'u', 'l', ' ', 'P', 'a', 'n', 'e', 'e', 'r', ' ', 'S', 'l', 'i', 'c', 'e', 's']
Amul Butter,['A', 'm', 'u', 'l', ' ', 'P', 'a', 'n', 'e', 'e', 'r', ' ', 'T', 'o', 'a', 's', 't']
Cadbury Dairy Milk Silk - Bubbly,['C', 'a', 'd', 'b', 'u', 'r', 'y', ' ', 'D', 'a', 'i', 'r', 'y', ' ', 'M', 'i', 'l', 'k', ' ', '-', ' ', 'F', 'u', 'd', 'g', 'e']
Cadbury Dairy Milk Silk - Bubbly,['C', 'a', 'd', 'b', 'u', 'r', 'y', ' ', 'D', 'a', 'i', 'r', 'y', ' ', 'M', 'i', 'l', 'k', ' ', '-']
Cadbury Dairy Milk Silk - Bubbly,['C', 'a', 'd', 'b', 'u', 'r', 'y', ' ', 'D', 'a', 'i', 'r', 'y', ' ', 'M', 'i', 'l', 'k', ' ', '-']
Cadbury Dairy Milk Silk - Bubbly,['C', 'a', 'd', 'b', 'u', 'r', 'y', ' ', 'D', 'a', 'i', 'r', 'y', ' ', 'M', 'i', 'l', 'k', ' ', '-']
Cadbury Dairy Milk Silk - Bubbly,['C', 'a', 'd', 'b', 'u', 'r', 'y', ' ', 'D', 'a', 'i', 'r', 'y', ' ', 'M', 'i', 'l', 'k', ' ', '-']
Cadbury Dairy Milk Silk - Bubbly,['C', 'a', 'd', 'b', 'u', 'r', 'y', ' ', 'D', 'a', 'i', 'r', 'y', ' ', 'M', 'i', 'l', 'k', ' ', '-']
Cadbury Dairy Milk Silk - Bubbly,['C', 'a', 'd', 'b', 'u', 'r', 'y', ' ', 'D', 'a', 'i', 'r', 'y', ' ', 'M', 'i', 'l', 'k', ' ', '-']
Cadbury Dairy Milk Silk - Bubbly,['C', 'a', 'd', 'b', 'u', 'r', 'y', ' ', 'D', 'a', 'i', 'r', 'y', ' ', 'M', 'i', 'l', 'k', ' ', '-']
Cadbury Dairy Milk Silk - Bubbly,['C', 'a', 'd', 'b', 'u', 'r', 'y', ' ', 'D', 'a', 'i', 'r', 'y', ' ', 'M', 'i', 'l', 'k', ' ', '-']
Cadbury Dairy Milk Silk - Bubbly,['C', 'a', 'd', 'b', 'u', 'r', 'y', ' ', 'D', 'a', 'i', 'r', 'y', ' ', 'M', 'i', 'l', 'k', ' ', '-']
Cadbury Dairy Milk Silk - Bubbly,['C', 'a', 'd', 'b', 'u', 'r', 'y', ' ', 'D', 'a', 'i', 'r', 'y', ' ', 'M', 'i', 'l', 'k', ' ', '-']
Cadbury Dairy Milk Silk - Bubbly,['C', 'a', 'd', 'b', 'u', 'r', 'y', ' ', 'D', 'a', 'i', 'r', 'y', ' ', 'M', 'i', 'l', 'k', ' ', '-']
Cadbury Dairy Milk Silk - Bubbly,['C', 'a', 'd', 'b', 'u', 'r', 'y', ' ', 'D', 'a', 'i', 'r', 'y', ' ', 'M', 'i', 'l', 'k', ' ', '-']
Cadbury Dairy Milk Silk - Bubbly,['C', 'a', 'd', 'b', 'u', 'r', 'y', ' ', 'D', 'a', 'i', 'r', 'y', ' ', 'M', 'i', 'l', 'k', ' ', '-']
Cadbury Dairy Milk Silk - Bubbly,['C', 'a', 'd', 'b', 'u', 'r', 'y', ' ', 'D', 'a', 'i', 'r', 'y', ' ', 'M', 'i', 'l', 'k', ' ', '-']
Cadbury Dairy Milk Silk - Bubbly,['C', 'a', 'd', 'b', 'u', 'r', 'y', ' ', 'D', 'a', 'i', 'r', 'y', ' ', 'M', 'i', 'l', 'k', ' ', '-']
Cadbury Dairy Milk Silk - Bubbly,['C', 'a', 'd', 'b', 'u', 'r', 'y', ' ', 'D', 'a', 'i', 'r', 'y', ' ', 'M', 'i', 'l', 'k', ' ', '-']
Cadbury Dairy Milk Silk - Bubbly,['C', 'a', 'd', 'b', 'u', 'r', 'y', ' ', 'D', 'a', 'i', 'r', 'y', ' ', 'M', 'i', 'l', 'k', ' ', '-']
Cadbury Dairy Milk Silk - Bubbly,['C', 'a', 'd', 'b', 'u', 'r', 'y', ' ', 'D', 'a', 'i', 'r', 'y', ' ', 'M', 'i', 'l', 'k', ' ', '-']
Cadbury Dairy Milk Silk - Bubbly,['C', 'a', 'd', 'b', 'u', 'r', 'y', ' ', 'D', 'a', 'i', 'r', 'y', ' ', 'M', 'i', 'l', 'k', ' ', '-']
Cadbury Dairy Milk Silk - Bubbly,['C', 'a', 'd', 'b', 'u', 'r', 'y', ' ', 'D', 'a', 'i', 'r', 'y', ' ', 'M', 'i', 'l', 'k', ' ', '-']
Cadbury Dairy Milk Silk - Bubbly,['C', 'a', 'd', 'b', 'u', 'r', 'y', ' ', 'D', 'a', 'i', 'r', 'y', ' ', 'M', 'i', 'l', 'k', ' ', '-']
Cadbury Dairy Milk Silk - Bubbly,['C', 'a', 'd', 'b', 'u', 'r', 'y', ' ', 'D', 'a', 'i', 'r', 'y', ' ', 'M', 'i', 'l', 'k', ' ', '-']
Cadbury Dairy Milk Silk - Bubbly,['C', 'a', 'd', 'b', 'u', 'r', 'y', ' ', 'D', 'a', 'i', 'r', 'y', ' ', 'M', 'i', 'l', 'k', ' ', '-']
Cadbury Dairy Milk Silk - Bubbly,['C', 'a', 'd', 'b', 'u', 'r', 'y', ' ', 'D', 'a', 'i', 'r', 'y', ' ', 'M', 'i', 'l', 'k', ' ', '-']
Cadbury Dairy Milk Silk - Bubbly,['C', 'a', 'd', 'b', 'u', 'r', 'y', ' ', 'D', 'a', 'i', 'r', 'y', ' ', 'M', 'i', 'l', 'k', ' ', '-']
Cadbury Dairy Milk Silk - Bubbly,['C', 'a', 'd', 'b', 'u', 'r', 'y', ' ', 'D', 'a', 'i', 'r', 'y', ' ', 'M', 'i', 'l', 'k', ' ', '-']
Cadbury Dairy Milk Silk - Bubbly,['C', 'a', 'd', 'b', 'u', 'r', 'y', ' ', 'D', 'a', 'i', 'r', 'y', ' ', 'M', 'i', 'l', 'k', ' ', '-']
Cadbury Dairy Milk Silk - Bubbly,['C', 'a', 'd', 'b', 'u', 'r', 'y', ' ', 'D', 'a', 'i', 'r', 'y', ' ', 'M', 'i', 'l', 'k', ' ', '-']
Cadbury Dairy Milk Silk - Bubbly,['C', 'a', 'd', 'b', 'u', 'r', 'y', ' ', 'D', 'a', 'i', 'r', 'y', ' ', 'M', 'i', 'l', 'k', ' ', '-']
Cadbury Dairy Milk Silk - Bubbly,['C', 'a', 'd', 'b', 'u', 'r', 'y', ' ', 'D', 'a', 'i', 'r', 'y', ' ', 'M', 'i', 'l', 'k', ' ', '-']
Cadbury Dairy Milk Silk - Bubbly,['C', 'a', 'd', 'b', 'u', 'r', 'y', ' ', 'D', 'a', 'i', 'r', 'y', ' ', 'M', 'i', 'l', 'k', ' ', '-']
Cadbury Dairy Milk Silk - Bubbly,['C', 'a', 'd', 'b', 'u', 'r', 'y', ' ', 'D', 'a', 'i', 'r', 'y', ' ', 'M', 'i', 'l', 'k', ' ', '-']
Cadbury Dairy Milk Silk - Bubbly,['C', 'a', 'd', 'b', 'u', 'r', 'y', ' ', 'D', 'a', 'i', 'r', 'y', ' ', 'M', 'i', 'l', 'k', ' ', '-']
Cadbury Dairy Milk Silk - Bubbly,['C', 'a', 'd', 'b', 'u', 'r', 'y', ' ', 'D', 'a', 'i', 'r', 'y', ' ', 'M', 'i', 'l', 'k', ' ', '-']
Cadbury Dairy Milk Silk - Bubbly,['C', 'a', 'd', 'b', 'u', 'r', 'y', ' ', 'D', 'a', 'i', 'r', 'y', ' ', 'M', 'i', 'l', 'k', ' ', '-']
Cadbury Dairy Milk Silk - Bubbly,['C', 'a', 'd', 'b', 'u', 'r', 'y', ' ', 'D', 'a', 'i', 'r', 'y', ' ', 'M', 'i', 'l', 'k', ' ', '-']
Cadbury Dairy Milk Silk - Bubbly,['C', 'a', 'd', 'b', 'u', 'r', 'y', ' ', 'D', 'a', 'i', 'r', 'y', ' ', 'M', 'i', 'l', 'k', ' ', '-']
Cadbury Dairy Milk Silk - Bubbly,['C', 'a', 'd', 'b', 'u', 'r', 'y', ' ', 'D', 'a', 'i', 'r', 'y', ' ', 'M', 'i', 'l', 'k', ' ', '-']
Cadbury Dairy Milk Silk - Bubbly,['C', 'a', 'd', 'b', 'u', 'r', 'y', ' ', 'D', 'a', 'i', 'r', 'y', ' ', 'M', 'i', 'l', 'k', ' ', '-']
Cadbury Dairy Milk Silk - Bubbly,['C', 'a', 'd', 'b', 'u', 'r', 'y', ' ', 'D', 'a', 'i', 'r', 'y', ' ', 'M', 'i', 'l', 'k', ' ', '-']
Cadbury Dairy Milk Silk - Bubbly,['C', 'a', 'd', 'b', 'u', 'r', 'y', ' ', 'D', 'a', 'i', 'r', 'y', ' ', 'M', 'i', 'l', 'k', ' ', '-']
Cadbury Dairy Milk Silk - Bubbly,['C', 'a', 'd', 'b', 'u', 'r', 'y', ' ', 'D', 'a', 'i', 'r', 'y', ' ', 'M', 'i', 'l', 'k', ' ', '-']
Cadbury Dairy Milk Silk - Bubbly,['C', 'a', 'd', 'b', 'u', 'r', 'y', ' ', 'D', 'a', 'i', 'r', 'y', ' ', 'M', 'i', 'l', 'k', ' ', '-']
Cadbury Dairy Milk Silk - Bubbly,['C', 'a', 'd', 'b', 'u', 'r', 'y', ' ', 'D', 'a', 'i', 'r', 'y', ' ', 'M', 'i', 'l', 'k', ' ', '-']
Cadbury Dairy Milk Silk - Bubbly,['C', 'a', 'd', 'b', 'u', 'r', 'y', ' ', 'D', 'a', 'i', 'r', 'y', ' ', 'M', 'i', 'l', 'k', ' ', '-']
Cadbury Dairy Milk Silk - Bubbly,['C', 'a', 'd', 'b', 'u', 'r', 'y', ' ', 'D', 'a', 'i', 'r', 'y', ' ', 'M', 'i', 'l', 'k', ' ', '-']
Cadbury Dairy Milk Silk - Bubbly,['C', 'a', 'd', 'b', 'u', 'r', 'y', ' ', 'D', 'a', 'i', 'r', 'y', ' ', 'M', 'i', 'l', 'k', ' ', '-']
Cadbury Dairy Milk Silk - Bubbly,['C', 'a', 'd', 'b', 'u', 'r', 'y', ' ', 'D', 'a', 'i', 'r', 'y', ' ', 'M', 'i', 'l', 'k', ' ', '-']
Cadbury Dairy Milk Silk - Bubbly,['C', 'a', 'd', 'b', 'u', 'r', 'y', ' ', 'D', 'a', 'i', 'r', 'y', ' ', 'M', 'i', 'l', 'k', ' ', '-']
Cadbury Dairy Milk Silk - Bubbly,['C', 'a', 'd', 'b', 'u', 'r', 'y', ' ', 'D', 'a', 'i', 'r', 'y', ' ', 'M', 'i', 'l', 'k', ' ', '-']
Cadbury Dairy Milk Silk - Bubbly,['C', 'a', 'd', 'b', 'u', 'r', 'y', ' ', 'D', 'a', 'i', 'r', 'y', ' ', 'M', 'i', 'l', 'k', ' ', '-']
Cadbury Dairy Milk Silk - Bubbly,['C', 'a', 'd', 'b', 'u', 'r', 'y', ' ', 'D', 'a', 'i', 'r', 'y', ' ', 'M', 'i', 'l', 'k', ' ', '-']
Cadbury Dairy Milk Silk - Bubbly,['C', 'a', 'd', 'b', 'u', 'r', 'y', ' ', 'D', 'a', 'i', 'r', 'y', ' ', 'M', 'i', 'l', 'k', ' ', '-']
Cadbury Dairy Milk Silk - Bubbly,['C', 'a', 'd', 'b', 'u', 'r', 'y', ' ', 'D', 'a', 'i', 'r', 'y', ' ', 'M', 'i', 'l', 'k', ' ', '-']
Cadbury Dairy Milk Silk - Bubbly,['C', 'a', 'd', 'b', 'u', 'r', 'y', ' ', 'D', 'a', 'i', 'r', 'y', ' ', 'M', 'i', 'l', 'k', ' ', '-']
Cadbury Dairy Milk Silk - Bubbly,['C', 'a', 'd', 'b', 'u', 'r', 'y', ' ', 'D', 'a', 'i', 'r', 'y', ' ', 'M', 'i', 'l', 'k', ' ', '-']
Cadbury Dairy Milk Silk - Bubbly,['C', 'a', 'd', 'b', 'u', 'r', 'y', ' ', 'D', 'a', 'i', 'r', 'y', ' ', 'M', 'i', 'l', 'k', ' ', '-']
Cadbury Dairy Milk Silk - Bubbly,['C', 'a', 'd', 'b', 'u', 'r', 'y', ' ', 'D', 'a', 'i', 'r', 'y', ' ', 'M', 'i', 'l', 'k', ' ', '-']
Cadbury Dairy Milk Silk - Bubbly,['C', 'a', 'd', 'b', 'u', 'r', 'y', ' ', 'D', 'a', 'i', 'r', 'y', ' ', 'M', 'i', 'l', 'k', ' ', '-']
Cadbury Dairy Milk Silk - Bubbly,['C', 'a', 'd', 'b', 'u', 'r', 'y', ' ', 'D', 'a', 'i', 'r', 'y', ' ', 'M', 'i', 'l', 'k', ' ', '-']
Cadbury Dairy Milk Silk - Bubbly,['C', 'a', 'd', 'b', 'u', 'r', 'y', ' ', 'D', 'a', 'i', 'r', 'y', ' ', 'M', 'i', 'l', 'k', ' ', '-']
Cadbury Dairy Milk Silk - Bubbly,['C', 'a', 'd', 'b', 'u', 'r', 'y', ' ', 'D', 'a', 'i', 'r', 'y', ' ', 'M', 'i', 'l', 'k', ' ', '-']
Cadbury Dairy Milk Silk - Bubbly,['C', 'a', 'd', 'b', 'u', 'r', 'y', ' ', 'D', 'a', 'i', 'r', 'y', ' ', 'M', 'i', 'l', 'k', ' ', '-']
Cadbury Dairy Milk Silk - Bubbly,['C', 'a', 'd', 'b', 'u', 'r', 'y', ' ', 'D', 'a', 'i', 'r', 'y', ' ', 'M', 'i', 'l', 'k', ' ', '-']
Cadbury Dairy Milk Silk - Bubbly,['C', 'a', 'd', 'b', 'u', 'r', 'y', ' ', 'D', 'a', 'i', 'r', 'y', ' ', 'M', 'i', 'l', 'k', ' ', '-']
Cadbury Dairy Milk Silk - Bubbly,['C', 'a', 'd', 'b', 'u', 'r', 'y', ' ', 'D', 'a', 'i', 'r', 'y', ' ', 'M', 'i', 'l', 'k', ' ', '-']
Cadbury Dairy Milk Silk - Bubbly,['C', 'a', 'd', 'b', 'u', 'r', 'y', ' ', 'D', 'a', 'i', 'r', 'y', ' ', 'M', 'i', 'l', 'k', ' ', '-']
Haldiram's Moong Dal,['m', 'a', 's', 'o', 'o', 'r', ' ', 'd', 'a', 'l']
Haldiram's Moong Dal,['r', 'i', 'c', 'e']
Haldiram's Moong Dal,['a', 'a', 'm', ' ', 'p', 'a', 'n', 'n', 'a']
Haldiram's Moong Dal,['p', 'u', 'd', 'i', 'n', 'a']
Haldiram's Moong Dal,['a', 'l', 'o', 'o']
Haldiram's Moong Dal,['p', 'o', 't', 'a', 't', 'o', 'e', 's']
Haldiram's Moong Dal,['m', 'a', 'n', 'g', 'o']
Haldiram's Moong Dal,['h', 'a', 'r', 'a', ' ', 'd', 'h', 'a', 'n', 'i', 'a']
Haldiram's Moong Dal,['y', 'o', 'g', 'u', 'r', 't']
Haldiram's Moong Dal,['r', 'a', 'i', 't', 'a']
Maggi 2-Minute Noodles - Masala,['M', 'a', 'g', 'g', 'i', ' ', '2', '-', 'M', 'i', 'n', 'u', 't', 'e', ' ', 'N', 'o', 'o', 'd', 'l', 'e', 's', ' ', '-', ' ', 'C', 'h', 'i', 'l', 'l', 'i']
Maggi 2-Minute Noodles - Masala,['M', 'a', 'g', 'g', 'i', ' ', '2', '-', 'M', 'i', 'n', 'u', 't', 'e', ' ', 'N', 'o', 'o', 'd', 'l', 'e', 's', ' ', '-', ' ', 'S', 'a', 'u', 's', 'a', 'g', 'e', ' ', 'a', 'n', 'd', ' ', 'O', 'n', 'i', 'o', 'n']
Maggi 2-Minute Noodles - Masala,['M', 'a', 'g', 'g', 'i', ' ', '2', '-', 'M', 'i', 'n', 'u', 't', 'e', ' ', 'N', 'o', 'o', 'd', 'l', 'e', 's', ' ', '-', ' ', 'F', 'i', 'v', 'e', ' ', 'S', 'p', 'i', 'c', 'e']
Maggi 2-Minute Noodles - Masala,['M', 'a', 'g', 'g', 'i', ' ', '2', '-', 'M', 'i', 'n', 'u', 't', 'e', ' ', 'N', 'o', 'o', 'd', 'l', 'e', 's', ' ', '-', ' ', 'S', 'w', 'e', 'e', 't', ' ', 'C', 'h', 'i', 'l', 'l', 'i', ' ', 'w', 'i', 't', 'h', ' ', 'V', 'e', 'g', 'e', 't', 'a', 'b', 'l', 'e', 's']
Maggi 2-Minute Noodles - Masala,['M', 'a', 'g', 'g', 'i', ' ', '2', '-', 'M', 'i', 'n', 'u', 't', 'e', ' ', 'N', 'o', 'o', 'd', 'l', 'e', 's', ' ', '-', ' ', 'K', 'o', 'r', 'e', 'a', 'n', ' ', 'R', 'e', 'd', ' ', 'C', 'u', 'r', 'r', 'y', ' ', 'N', 'o', 'o', 'd', 'l', 'e', 's']
Maggi 2-Minute Noodles - Masala,['M', 'a', 'g', 'g', 'i', ' ', '2', '-', 'M', 'i', 'n', 'u', 't', 'e', ' ', 'N', 'o', 'o', 'd', 'l', 'e', 's', ' ', '-', ' ', 'T', 'h', 'a', 'i', ' ', 'S', 'w', 'e', 'e', 't', ' ', 'C', 'h', 'i', 'l', 'l', 'i']
Maggi 2-Minute Noodles - Masala,['M', 'a', 'g', 'g', 'i', ' ', '2', '-', 'M', 'i', 'n', 'u', 't', 'e', ' ', 'N', 'o', 'o', 'd', 'l', 'e', 's', ' ', '-', ' ', 'R', 'e', 'd', ' ', 'C', 'h', 'i', 'l', 'l', 'i', ' ', 'a', 'n', 'd', ' ', 'L', 'i', 'm', 'e']
Maggi 2-Minute Noodles - Masala,['M', 'a', 'g', 'g', 'i', ' ', '2', '-', 'M', 'i', 'n', 'u', 't', 'e', ' ', 'N', 'o', 'o', 'd', 'l', 'e', 's', ' ', '-', ' ', 'S', 'p', 'i', 'c', 'y', ' ', 'T', 'o', 'm', 'a', 't', 'o', ' ', 'a', 'n', 'd', ' ', 'O', 'n', 'i', 'o', 'n']
Maggi 2-Minute Noodles - Masala,['M', 'a', 'g', 'g', 'i', ' ', '2', '-', 'M', 'i', 'n', 'u', 't', 'e', ' ', 'N', 'o', 'o', 'd', 'l', 'e', 's', ' ', '-', ' ', 'S', 'p', 'i', 'c', 'y', ' ', 'T', 'o', 'm', 'a', 't', 'o', ' ', 'a', 'n', 'd', ' ', 'O', 'n', 'i', 'o', 'n']
Maggi 2-Minute Noodles - Masala,['M', 'a', 'g', 'g', 'i', ' ', '2', '-', 'M', 'i', 'n', 'u', 't', 'e', ' ', 'N', 'o', 'o', 'd', 'l', 'e', 's', ' ', '-', ' ', 'S', 'a', 'l', 't', ' ', 'a', 'n', 'd', ' ', 'P', 'e', 'p', 'p', 'e', 'r']
Maggi 2-Minute Noodles - Masala,['M', 'a', 'g', 'g', 'i', ' ', '2', '-', 'M', 'i', 'n', 'u', 't', 'e', ' ', 'N', 'o', 'o', 'd', 'l', 'e', 's', ' ', '-', ' ', 'C', 'h', 'i', 'l', 'l', 'i']
Maggi 2-Minute Noodles - Masala,['M', 'a', 'g', 'g', 'i', ' ', '2', '-', 'M', 'i', 'n', 'u', 't', 'e', ' ', 'N', 'o', 'o', 'd', 'l', 'e', 's', ' ', '-', ' ', 'S', 'w', 'e', 'e', 't', ' ', 'C', 'h', 'i', 'l', 'l', 'i', ' ', 'w', 'i', 't', 'h', ' ', 'V', 'e', 'g', 'e', 't', 'a', 'b', 'l', 'e', 's']
Maggi 2-Minute Noodles - Masala,['M', 'a', 'g', 'g', 'i', ' ', '2', '-', 'M', 'i', 'n', 'u', 't', 'e', ' ', 'N', 'o', 'o', 'd', 'l', 'e', 's', ' ', '-', ' ', 'C', 'h', 'i', 'c', 'k', 'e', 'n']
Maggi 2-Minute Noodles - Masala,['M', 'a', 'g', 'g', 'i', ' ', '2', '-', 'M', 'i', 'n', 'u', 't', 'e', ' ', 'N', 'o', 'o', 'd', 'l', 'e', 's', ' ', '-', ' ', 'T', 'o', 'm', 'a', 't', 'o', ' ', 'a', 'n', 'd', ' ', 'B', 'a', 's', 'i', 'l']
Maggi 2-Minute Noodles - Masala,['M', 'a', 'g', 'g', 'i', ' ', '2', '-', 'M', 'i', 'n', 'u', 't', 'e', ' ', 'N', 'o', 'o', 'd', 'l', 'e', 's', ' ', '-', ' ', 'T', 'h', 'a', 'i', ' ', 'S', 'w', 'e', 'e', 't', ' ', 'C', 'h', 'i', 'l', 'l', 'i']
Maggi 2-Minute Noodles - Masala,['M', 'a', 'g', 'g', 'i', ' ', '2', '-', 'M', 'i', 'n', 'u', 't', 'e', ' ', 'N', 'o', 'o', 'd', 'l', 'e', 's', ' ', '-', ' ', 'C', 'h', 'i', 'l', 'i', ' ', 'a', 'n', 'd', ' ', 'L', 'i', 'm', 'e']
Maggi 2-Minute Noodles - Masala,['M', 'a', 'g', 'g', 'i', ' ', '2', '-', 'M', 'i', 'n', 'u', 't', 'e', ' ', 'N', 'o', 'o', 'd', 'l', 'e', 's', ' ', '-', ' ', 'S', 'm', 'o', 'k', 'e', 'y', ' ', 'T', 'o', 'm', 'a', 't', 'o', ' ', 'a', 'n', 'd', ' ', 'G', 'a', 'r', 'l', 'i', 'c']
Amul Butter,['']
Amul Butter,['Lipton Tea']
Amul Butter,[' Marigold Chai']
Amul Butter,[' Uncle Chippy']
Amul Butter,[' Amul Cheese']
Amul Butter,[' Amul Cocoa Powder']
Amul Butter,[' Amul Chocolate Powder']
Amul Butter,[' Amul Skimmed Milk Powder']
Amul Butter,[' Amul Whipped Cream']
Amul Butter,[' Amul Milk']
Amul Butter,[' Amul Milk Powder']
Cadbury Dairy Milk Silk - Bubbly,['']
Cadbury Dairy Milk Silk - Bubbly,['chocolate']
Cadbury Dairy Milk Silk - Bubbly,[' milk']
Cadbury Dairy Milk Silk - Bubbly,['']
Cadbury Dairy Milk Silk - Bubbly,['chocolate']
Cadbury Dairy Milk Silk - Bubbly,[' milk']
Cadbury Dairy Milk Silk - Bubbly,['']
Cadbury Dairy Milk Silk - Bubbly,['chocolate']
Cadbury Dairy Milk Silk - Bubbly,[' milk']
Cadbury Dairy Milk Silk - Bubbly,['']
Cadbury Dairy Milk Silk - Bubbly,['chocolate']
Cadbury Dairy Milk Silk - Bubbly,[' milk']
Cadbury Dairy Milk Silk - Bubbly,['']
Cadbury Dairy Milk Silk - Bubbly,['chocolate']
Cadbury Dairy Milk Silk - Bubbly,[' milk']
Cadbury Dairy Milk Silk - Bubbly,['']
Cadbury Dairy Milk Silk - Bubbly,['chocolate']
Cadbury Dairy Milk Silk - Bubbly,[' milk']
Cadbury Dairy Milk Silk - Bubbly,['']
Cadbury Dairy Milk Silk - Bubbly,['chocolate']
Cadbury Dairy Milk Silk - Bubbly,[' milk']
Cadbury Dairy Milk Silk - Bubbly,['']
Cadbury Dairy Milk Silk - Bubbly,['chocolate']
Cadbury Dairy Milk Silk - Bubbly,[' milk']
Cadbury Dairy Milk Silk - Bubbly,['']
Cadbury Dairy Milk Silk - Bubbly,['chocolate']
Cadbury Dairy Milk Silk - Bubbly,[' milk']
Cadbury Dairy Milk Silk - Bubbly,['']
Cadbury Dairy Milk Silk - Bubbly,['chocolate']
Cadbury Dairy Milk Silk - Bubbly,[' milk']
Cadbury Dairy Milk Silk - Bubbly,['']
Cadbury Dairy Milk Silk - Bubbly,['chocolate']
Cadbury Dairy Milk Silk - Bubbly,[' milk']
Cadbury Dairy Milk Silk - Bubbly,['']
Cadbury Dairy Milk Silk - Bubbly,['chocolate']
Cadbury Dairy Milk Silk - Bubbly,[' milk']
Haldiram's Moong Dal,['']
Haldiram's Moong Dal,['Sampoorna Naturals Moong Dal']
Haldiram's Moong Dal,['']
Haldiram's Moong Dal,['Pampo Moong Dal']
Haldiram's Moong Dal,['']
Haldiram's Moong Dal,["Sumi Agrawal's Moong Dal"]
Haldiram's Moong Dal,['']
Haldiram's Moong Dal,["Jhajjar's Moong Dal"]
Haldiram's Moong Dal,['']
Haldiram's Moong Dal,['Kappa Moong Dal']
Haldiram's Moong Dal,['']
Haldiram's Moong Dal,['Thirukkural Moong Dal']
Haldiram's Moong Dal,['']
Haldiram's Moong Dal,['Shenga Moong Dal']
Haldiram's Moong Dal,['']
Haldiram's Moong Dal,["Pathak's Moong Dal"]
Haldiram's Moong Dal,['']
Haldiram's Moong Dal,["Jhanduta's Moong Dal"]
Maggi 2-Minute Noodles - Masala,['']
Maggi 2-Minute Noodles - Masala,['2-Minute Noodles - Chilli']
Maggi 2-Minute Noodles - Masala,['']
Maggi 2-Minute Noodles - Masala,['2-Minute Noodles - Chili']
Maggi 2-Minute Noodles - Masala,['']
Maggi 2-Minute Noodles - Masala,['Maggi 2-Minute Noodles - Curry']
Maggi 2-Minute Noodles - Masala,['']
Maggi 2-Minute Noodles - Masala,['Maggi 2-Minute Rice - Masala']
Maggi 2-Minute Noodles - Masala,['']
Maggi 2-Minute Noodles - Masala,['Maggi 2-Minute Rice - Chilli']
Maggi 2-Minute Noodles - Masala,['']
Maggi 2-Minute Noodles - Masala,['Maggi 2-Minute Rice - Chili']
Maggi 2-Minute Noodles - Masala,['']
Maggi 2-Minute Noodles - Masala,['Maggi 2-Minute Rice - Curry']
Maggi 2-Minute Noodles - Masala,['']
Maggi 2-Minute Noodles - Masala,['Maggi 2-Minute Noodles - Veg']
Maggi 2-Minute Noodles - Masala,['']
Maggi 2-Minute Noodles - Masala,['Maggi 2-Minute Noodles - Chicken']
Maggi 2-Minute Noodles - Masala,['']
Maggi 2-Minute Noodles - Masala,['Maggi 2-Minute Noodles - Tomato']
Amul Butter,['']
Amul Butter,['Butter']
Amul Butter,[' Veg', ' Butter']
Amul Butter,[' Ghee']
Amul Butter,[' Amul Butter']
Amul Butter,[' Danish Butter']
Amul Butter,[' Clover Butter']
Amul Butter,[' Okara Butter']
Amul Butter,[' Almond Butter']
Amul Butter,[' Soy Butter']
Amul Butter,[' Olive Butter']
Cadbury Dairy Milk Silk - Bubbly,['']
Cadbury Dairy Milk Silk - Bubbly,['Butterscotch']
Cadbury Dairy Milk Silk - Bubbly,['']
Cadbury Dairy Milk Silk - Bubbly,['']
Cadbury Dairy Milk Silk - Bubbly,['Caramel']
Cadbury Dairy Milk Silk - Bubbly,['']
Cadbury Dairy Milk Silk - Bubbly,['']
Cadbury Dairy Milk Silk - Bubbly,['Coffee']
Cadbury Dairy Milk Silk - Bubbly,['']
Cadbury Dairy Milk Silk - Bubbly,['']
Cadbury Dairy Milk Silk - Bubbly,['Chocolate Fudge']
Cadbury Dairy Milk Silk - Bubbly,['']
Cadbury Dairy Milk Silk - Bubbly,['']
Cadbury Dairy Milk Silk - Bubbly,['Espresso']
Cadbury Dairy Milk Silk - Bubbly,['']
Cadbury Dairy Milk Silk - Bubbly,['']
Cadbury Dairy Milk Silk - Bubbly,['Gingerbread']
Cadbury Dairy Milk Silk - Bubbly,['']
Cadbury Dairy Milk Silk - Bubbly,['']
Cadbury Dairy Milk Silk - Bubbly,['Honeycomb']
Cadbury Dairy Milk Silk - Bubbly,['']
Cadbury Dairy Milk Silk - Bubbly,['']
Cadbury Dairy Milk Silk - Bubbly,['Raspberry']
Cadbury Dairy Milk Silk - Bubbly,['']
Cadbury Dairy Milk Silk - Bubbly,[')']
Haldiram's Moong Dal,['']
Haldiram's Moong Dal,["Jain's Chana Masala"]
Haldiram's Moong Dal,['']
Haldiram's Moong Dal,["Rita's Mixed Vegetable Dal"]
Haldiram's Moong Dal,['']
Haldiram's Moong Dal,['Dish #1']
Haldiram's Moong Dal,['Dish #2']
Haldiram's Moong Dal,['Dish #3']
Haldiram's Moong Dal,['Dish #4']
Haldiram's Moong Dal,['Dish #5']
Haldiram's Moong Dal,['Dish #6']
Haldiram's Moong Dal,['Dish #7']
Haldiram's Moong Dal,['Dish #8']
Haldiram's Moong Dal,['Dish #9']
Haldiram's Moong Dal,['Dish #10']
Maggi 2-Minute Noodles - Masala,['']
Maggi 2-Minute Noodles - Masala,['Maggi 2-Minute Masala Noodles']
Cadbury Dairy Milk Silk - Bubbly,['']
Cadbury Dairy Milk Silk - Bubbly,['Cadbury Dairy Milk Silk - Bubbly']
Cadbury Dairy Milk Silk - Bubbly,[' Cadbury Dairy Milk Silk - Gold']
Cadbury Dairy Milk Silk - Bubbly,[' Cadbury Dairy Milk Silk - Caramel']
Haldiram's Moong Dal,['']
Haldiram's Moong Dal,["Haldiram's Channa Dal"]
Haldiram's Moong Dal,['']
Haldiram's Moong Dal,["Haldiram's Channa"]
Haldiram's Moong Dal,['']
Haldiram's Moong Dal,["Haldiram's Moong"]
Haldiram's Moong Dal,['']
Haldiram's Moong Dal,["Haldiram's Channa Mix"]
Haldiram's Moong Dal,['']
Haldiram's Moong Dal,["Haldiram's Channa Mix"]
Haldiram's Moong Dal,['']
Haldiram's Moong Dal,["Haldiram's Channa Ras"]
Haldiram's Moong Dal,['']
Haldiram's Moong Dal,["Haldiram's Channa Pack"]
Maggi 2-Minute Noodles - Masala,['']
Maggi 2-Minute Noodles - Masala,['Nissin Ramen']
Maggi 2-Minute Noodles - Masala,['']
Maggi 2-Minute Noodles - Masala,['Maggi 2-Minute Noodles - Chicken']
Maggi 2-Minute Noodles - Masala,['']
Maggi 2-Minute Noodles - Masala,['Lipton Noodles']
Maggi 2-Minute Noodles - Masala,['']
Maggi 2-Minute Noodles - Masala,['Nissin Noodles']
Maggi 2-Minute Noodles - Masala,['']
Maggi 2-Minute Noodles - Masala,['Nissin Noodles - Crushed Red Chili']
Maggi 2-Minute Noodles - Masala,['']
Maggi 2-Minute Noodles - Masala,['Maggi Instant Noodles - Curry']
Maggi 2-Minute Noodles - Masala,['']
Maggi 2-Minute Noodles - Masala,['Nissin Instant Noodles - White']
Maggi 2-Minute Noodles - Masala,['']
Maggi 2-Minute Noodles - Masala,['Nissin Instant Noodles - Spicy']
Maggi 2-Minute Noodles - Masala,['']
Maggi 2-Minute Noodles - Masala,['Maggi Instant Noodles - Rice']
Amul Butter,A
Amul Butter,m
Amul Butter,u
Amul Butter,l
Amul Butter, 
Amul Butter,B
Amul Butter,u
Amul Butter,t
Amul Butter,t
Amul Butter,e
Amul Butter,r
Amul Butter,A
Amul Butter,m
Amul Butter,u
Amul Butter,l
Amul Butter, 
Amul Butter,C
Amul Butter,h
Amul Butter,o
Amul Butter,c
Amul Butter,o
Amul Butter,l
Amul Butter,a
Amul Butter,t
Amul Butter,e
Amul Butter,s
Amul Butter,A
Amul Butter,m
Amul Butter,u
Amul Butter,l
Amul Butter, 
Amul Butter,C
Amul Butter,r
Amul Butter,e
Amul Butter,a
Amul Butter,m
Amul Butter,e
Amul Butter,r
Amul Butter,A
Amul Butter,m
Amul Butter,u
Amul Butter,l
Amul Butter, 
Amul Butter,C
Amul Butter,h
Amul Butter,e
Amul Butter,e
Amul Butter,s
Amul Butter,e
Amul Butter, 
Amul Butter,S
Amul Butter,p
Amul Butter,r
Amul Butter,e
Amul Butter,a
Amul Butter,d
Amul Butter,e
Amul Butter,r
Amul Butter,A
Amul Butter,m
Amul Butter,u
Amul Butter,l
Amul Butter, 
Amul Butter,C
Amul Butter,h
Amul Butter,e
Amul Butter,e
Amul Butter,s
Amul Butter,e
Amul Butter,A
Amul Butter,m
Amul Butter,u
Amul Butter,l
Amul Butter, 
Amul Butter,C
Amul Butter,o
Amul Butter,o
Amul Butter,k
Amul Butter,i
Amul Butter,n
Amul Butter,g
Amul Butter, 
Amul Butter,O
Amul Butter,i
Amul Butter,l
Amul Butter,A
Amul Butter,m
Amul Butter,u
Amul Butter,l
Amul Butter, 
Amul Butter,G
Amul Butter,h
Amul Butter,e
Amul Butter,e
Amul Butter,A
Amul Butter,m
Amul Butter,u
Amul Butter,l
Amul Butter, 
Amul Butter,I
Amul Butter,c
Amul Butter,e
Amul Butter, 
Amul Butter,C
Amul Butter,r
Amul Butter,e
Amul Butter,a
Amul Butter,m
Amul Butter,A
Amul Butter,m
Amul Butter,u
Amul Butter,l
Amul Butter, 
Amul Butter,M
Amul Butter,i
Amul Butter,l
Amul Butter,k
Amul Butter,A
Amul Butter,m
Amul Butter,u
Amul Butter,l
Amul Butter, 
Amul Butter,M
Amul Butter,i
Amul Butter,l
Amul Butter,k
Amul Butter,s
Amul Butter,h
Amul Butter,a
Amul Butter,k
Amul Butter,e
Cadbury Dairy Milk Silk - Bubbly,K
Cadbury Dairy Milk Silk - Bubbly,i
Cadbury Dairy Milk Silk - Bubbly,t
Cadbury Dairy Milk Silk - Bubbly,K
Cadbury Dairy Milk Silk - Bubbly,a
Cadbury Dairy Milk Silk - Bubbly,t
Cadbury Dairy Milk Silk - Bubbly,C
Cadbury Dairy Milk Silk - Bubbly,a
Cadbury Dairy Milk Silk - Bubbly,d
Cadbury Dairy Milk Silk - Bubbly,b
Cadbury Dairy Milk Silk - Bubbly,u
Cadbury Dairy Milk Silk - Bubbly,r
Cadbury Dairy Milk Silk - Bubbly,y
Cadbury Dairy Milk Silk - Bubbly, 
Cadbury Dairy Milk Silk - Bubbly,D
Cadbury Dairy Milk Silk - Bubbly,a
Cadbury Dairy Milk Silk - Bubbly,i
Cadbury Dairy Milk Silk - Bubbly,r
Cadbury Dairy Milk Silk - Bubbly,y
Cadbury Dairy Milk Silk - Bubbly, 
Cadbury Dairy Milk Silk - Bubbly,M
Cadbury Dairy Milk Silk - Bubbly,i
Cadbury Dairy Milk Silk - Bubbly,l
Cadbury Dairy Milk Silk - Bubbly,k
Cadbury Dairy Milk Silk - Bubbly,B
Cadbury Dairy Milk Silk - Bubbly,e
Cadbury Dairy Milk Silk - Bubbly,l
Cadbury Dairy Milk Silk - Bubbly,v
Cadbury Dairy Milk Silk - Bubbly,i
Cadbury Dairy Milk Silk - Bubbly,t
Cadbury Dairy Milk Silk - Bubbly,a
Cadbury Dairy Milk Silk - Bubbly,C
Cadbury Dairy Milk Silk - Bubbly,a
Cadbury Dairy Milk Silk - Bubbly,d
Cadbury Dairy Milk Silk - Bubbly,b
Cadbury Dairy Milk Silk - Bubbly,u
Cadbury Dairy Milk Silk - Bubbly,r
Cadbury Dairy Milk Silk - Bubbly,y
Cadbury Dairy Milk Silk - Bubbly, 
Cadbury Dairy Milk Silk - Bubbly,D
Cadbury Dairy Milk Silk - Bubbly,a
Cadbury Dairy Milk Silk - Bubbly,i
Cadbury Dairy Milk Silk - Bubbly,r
Cadbury Dairy Milk Silk - Bubbly,y
Cadbury Dairy Milk Silk - Bubbly, 
Cadbury Dairy Milk Silk - Bubbly,M
Cadbury Dairy Milk Silk - Bubbly,i
Cadbury Dairy Milk Silk - Bubbly,l
Cadbury Dairy Milk Silk - Bubbly,k
Cadbury Dairy Milk Silk - Bubbly, 
Cadbury Dairy Milk Silk - Bubbly,B
Cadbury Dairy Milk Silk - Bubbly,l
Cadbury Dairy Milk Silk - Bubbly,o
Cadbury Dairy Milk Silk - Bubbly,c
Cadbury Dairy Milk Silk - Bubbly,k
Cadbury Dairy Milk Silk - Bubbly,M
Cadbury Dairy Milk Silk - Bubbly,a
Cadbury Dairy Milk Silk - Bubbly,r
Cadbury Dairy Milk Silk - Bubbly,s
Cadbury Dairy Milk Silk - Bubbly, 
Cadbury Dairy Milk Silk - Bubbly,B
Cadbury Dairy Milk Silk - Bubbly,a
Cadbury Dairy Milk Silk - Bubbly,r
Cadbury Dairy Milk Silk - Bubbly,C
Cadbury Dairy Milk Silk - Bubbly,a
Cadbury Dairy Milk Silk - Bubbly,d
Cadbury Dairy Milk Silk - Bubbly,b
Cadbury Dairy Milk Silk - Bubbly,u
Cadbury Dairy Milk Silk - Bubbly,r
Cadbury Dairy Milk Silk - Bubbly,y
Cadbury Dairy Milk Silk - Bubbly, 
Cadbury Dairy Milk Silk - Bubbly,C
Cadbury Dairy Milk Silk - Bubbly,r
Cadbury Dairy Milk Silk - Bubbly,u
Cadbury Dairy Milk Silk - Bubbly,n
Cadbury Dairy Milk Silk - Bubbly,c
Cadbury Dairy Milk Silk - Bubbly,h
Cadbury Dairy Milk Silk - Bubbly,i
Cadbury Dairy Milk Silk - Bubbly,e
Cadbury Dairy Milk Silk - Bubbly,K
Cadbury Dairy Milk Silk - Bubbly,i
Cadbury Dairy Milk Silk - Bubbly,t
Cadbury Dairy Milk Silk - Bubbly,K
Cadbury Dairy Milk Silk - Bubbly,a
Cadbury Dairy Milk Silk - Bubbly,t
Cadbury Dairy Milk Silk - Bubbly, 
Cadbury Dairy Milk Silk - Bubbly,W
Cadbury Dairy Milk Silk - Bubbly,a
Cadbury Dairy Milk Silk - Bubbly,f
Cadbury Dairy Milk Silk - Bubbly,e
Cadbury Dairy Milk Silk - Bubbly,r
Cadbury Dairy Milk Silk - Bubbly,C
Cadbury Dairy Milk Silk - Bubbly,a
Cadbury Dairy Milk Silk - Bubbly,d
Cadbury Dairy Milk Silk - Bubbly,b
Cadbury Dairy Milk Silk - Bubbly,u
Cadbury Dairy Milk Silk - Bubbly,r
Cadbury Dairy Milk Silk - Bubbly,y
Cadbury Dairy Milk Silk - Bubbly, 
Cadbury Dairy Milk Silk - Bubbly,M
Cadbury Dairy Milk Silk - Bubbly,u
Cadbury Dairy Milk Silk - Bubbly,n
Cadbury Dairy Milk Silk - Bubbly,c
Cadbury Dairy Milk Silk - Bubbly,h
Cadbury Dairy Milk Silk - Bubbly,i
Cadbury Dairy Milk Silk - Bubbly,e
Cadbury Dairy Milk Silk - Bubbly,s
Cadbury Dairy Milk Silk - Bubbly,C
Cadbury Dairy Milk Silk - Bubbly,a
Cadbury Dairy Milk Silk - Bubbly,d
Cadbury Dairy Milk Silk - Bubbly,b
Cadbury Dairy Milk Silk - Bubbly,u
Cadbury Dairy Milk Silk - Bubbly,r
Cadbury Dairy Milk Silk - Bubbly,y
Cadbury Dairy Milk Silk - Bubbly, 
Cadbury Dairy Milk Silk - Bubbly,T
Cadbury Dairy Milk Silk - Bubbly,w
Cadbury Dairy Milk Silk - Bubbly,i
Cadbury Dairy Milk Silk - Bubbly,r
Cadbury Dairy Milk Silk - Bubbly,l
Cadbury Dairy Milk Silk - Bubbly,C
Cadbury Dairy Milk Silk - Bubbly,a
Cadbury Dairy Milk Silk - Bubbly,d
Cadbury Dairy Milk Silk - Bubbly,b
Cadbury Dairy Milk Silk - Bubbly,u
Cadbury Dairy Milk Silk - Bubbly,r
Cadbury Dairy Milk Silk - Bubbly,y
Cadbury Dairy Milk Silk - Bubbly, 
Cadbury Dairy Milk Silk - Bubbly,B
Cadbury Dairy Milk Silk - Bubbly,u
Cadbury Dairy Milk Silk - Bubbly,t
Cadbury Dairy Milk Silk - Bubbly,t
Cadbury Dairy Milk Silk - Bubbly,o
Cadbury Dairy Milk Silk - Bubbly,n
Cadbury Dairy Milk Silk - Bubbly,s
Cadbury Dairy Milk Silk - Bubbly,C
Cadbury Dairy Milk Silk - Bubbly,a
Cadbury Dairy Milk Silk - Bubbly,d
Cadbury Dairy Milk Silk - Bubbly,b
Cadbury Dairy Milk Silk - Bubbly,u
Cadbury Dairy Milk Silk - Bubbly,r
Cadbury Dairy Milk Silk - Bubbly,y
Cadbury Dairy Milk Silk - Bubbly, 
Cadbury Dairy Milk Silk - Bubbly,F
Cadbury Dairy Milk Silk - Bubbly,i
Cadbury Dairy Milk Silk - Bubbly,n
Cadbury Dairy Milk Silk - Bubbly,g
Cadbury Dairy Milk Silk - Bubbly,e
Cadbury Dairy Milk Silk - Bubbly,r
Cadbury Dairy Milk Silk - Bubbly,s
Cadbury Dairy Milk Silk - Bubbly,C
Cadbury Dairy Milk Silk - Bubbly,a
Cadbury Dairy Milk Silk - Bubbly,d
Cadbury Dairy Milk Silk - Bubbly,b
Cadbury Dairy Milk Silk - Bubbly,u
Cadbury Dairy Milk Silk - Bubbly,r
Cadbury Dairy Milk Silk - Bubbly,y
Cadbury Dairy Milk Silk - Bubbly, 
Cadbury Dairy Milk Silk - Bubbly,R
Cadbury Dairy Milk Silk - Bubbly,o
Cadbury Dairy Milk Silk - Bubbly,s
Cadbury Dairy Milk Silk - Bubbly,e
Cadbury Dairy Milk Silk - Bubbly,s
Cadbury Dairy Milk Silk - Bubbly,C
Cadbury Dairy Milk Silk - Bubbly,a
Cadbury Dairy Milk Silk - Bubbly,d
Cadbury Dairy Milk Silk - Bubbly,b
Cadbury Dairy Milk Silk - Bubbly,u
Cadbury Dairy Milk Silk - Bubbly,r
Cadbury Dairy Milk Silk - Bubbly,y
Cadbury Dairy Milk Silk - Bubbly, 
Cadbury Dairy Milk Silk - Bubbly,C
Cadbury Dairy Milk Silk - Bubbly,a
Cadbury Dairy Milk Silk - Bubbly,r
Cadbury Dairy Milk Silk - Bubbly,a
Cadbury Dairy Milk Silk - Bubbly,m
Cadbury Dairy Milk Silk - Bubbly,i
Cadbury Dairy Milk Silk - Bubbly,l
Cadbury Dairy Milk Silk - Bubbly,k
Cadbury Dairy Milk Silk - Bubbly,C
Cadbury Dairy Milk Silk - Bubbly,a
Cadbury Dairy Milk Silk - Bubbly,d
Cadbury Dairy Milk Silk - Bubbly,b
Cadbury Dairy Milk Silk - Bubbly,u
Cadbury Dairy Milk Silk - Bubbly,r
Cadbury Dairy Milk Silk - Bubbly,y
Cadbury Dairy Milk Silk - Bubbly, 
Cadbury Dairy Milk Silk - Bubbly,C
Cadbury Dairy Milk Silk - Bubbly,r
Cadbury Dairy Milk Silk - Bubbly,u
Cadbury Dairy Milk Silk - Bubbly,n
Cadbury Dairy Milk Silk - Bubbly,c
Cadbury Dairy Milk Silk - Bubbly,h
Cadbury Dairy Milk Silk - Bubbly,i
Cadbury Dairy Milk Silk - Bubbly,e
Cadbury Dairy Milk Silk - Bubbly, 
Cadbury Dairy Milk Silk - Bubbly,B
Cadbury Dairy Milk Silk - Bubbly,i
Cadbury Dairy Milk Silk - Bubbly,t
Cadbury Dairy Milk Silk - Bubbly,e
Cadbury Dairy Milk Silk - Bubbly,s
Cadbury Dairy Milk Silk - Bubbly,C
Cadbury Dairy Milk Silk - Bubbly,a
Cadbury Dairy Milk Silk - Bubbly,d
Cadbury Dairy Milk Silk - Bubbly,b
Cadbury Dairy Milk Silk - Bubbly,u
Cadbury Dairy Milk Silk - Bubbly,r
Cadbury Dairy Milk Silk - Bubbly,y
Cadbury Dairy Milk Silk - Bubbly, 
Cadbury Dairy Milk Silk - Bubbly,A
Cadbury Dairy Milk Silk - Bubbly,e
Cadbury Dairy Milk Silk - Bubbly,r
Cadbury Dairy Milk Silk - Bubbly,o
Haldiram's Moong Dal,m
Haldiram's Moong Dal,i
Haldiram's Moong Dal,x
Haldiram's Moong Dal,r
Haldiram's Moong Dal,i
Haldiram's Moong Dal,c
Haldiram's Moong Dal,e
Haldiram's Moong Dal,c
Haldiram's Moong Dal,h
Haldiram's Moong Dal,a
Haldiram's Moong Dal,p
Haldiram's Moong Dal,p
Haldiram's Moong Dal,a
Haldiram's Moong Dal,t
Haldiram's Moong Dal,i
Haldiram's Moong Dal,b
Haldiram's Moong Dal,u
Haldiram's Moong Dal,t
Haldiram's Moong Dal,t
Haldiram's Moong Dal,e
Haldiram's Moong Dal,r
Haldiram's Moong Dal,m
Haldiram's Moong Dal,i
Haldiram's Moong Dal,l
Haldiram's Moong Dal,k
Haldiram's Moong Dal,b
Haldiram's Moong Dal,l
Haldiram's Moong Dal,a
Haldiram's Moong Dal,c
Haldiram's Moong Dal,k
Haldiram's Moong Dal, 
Haldiram's Moong Dal,s
Haldiram's Moong Dal,a
Haldiram's Moong Dal,l
Haldiram's Moong Dal,t
Haldiram's Moong Dal,c
Haldiram's Moong Dal,o
Haldiram's Moong Dal,r
Haldiram's Moong Dal,i
Haldiram's Moong Dal,a
Haldiram's Moong Dal,n
Haldiram's Moong Dal,d
Haldiram's Moong Dal,e
Haldiram's Moong Dal,r
Haldiram's Moong Dal,g
Haldiram's Moong Dal,a
Haldiram's Moong Dal,r
Haldiram's Moong Dal,a
Haldiram's Moong Dal,m
Haldiram's Moong Dal, 
Haldiram's Moong Dal,m
Haldiram's Moong Dal,a
Haldiram's Moong Dal,s
Haldiram's Moong Dal,a
Haldiram's Moong Dal,l
Haldiram's Moong Dal,a
Haldiram's Moong Dal,m
Haldiram's Moong Dal,u
Haldiram's Moong Dal,s
Haldiram's Moong Dal,t
Haldiram's Moong Dal,a
Haldiram's Moong Dal,r
Haldiram's Moong Dal,d
Haldiram's Moong Dal,c
Haldiram's Moong Dal,u
Haldiram's Moong Dal,m
Haldiram's Moong Dal,i
Haldiram's Moong Dal,n
Haldiram's Moong Dal,]
Haldiram's Moong Dal,p
Haldiram's Moong Dal,o
Haldiram's Moong Dal,t
Haldiram's Moong Dal,a
Haldiram's Moong Dal,t
Haldiram's Moong Dal,o
Haldiram's Moong Dal,c
Haldiram's Moong Dal,h
Haldiram's Moong Dal,i
Haldiram's Moong Dal,c
Haldiram's Moong Dal,k
Haldiram's Moong Dal,e
Haldiram's Moong Dal,n
Haldiram's Moong Dal,c
Haldiram's Moong Dal,h
Haldiram's Moong Dal,i
Haldiram's Moong Dal,l
Haldiram's Moong Dal,i
Haldiram's Moong Dal,t
Haldiram's Moong Dal,o
Haldiram's Moong Dal,m
Haldiram's Moong Dal,a
Haldiram's Moong Dal,t
Haldiram's Moong Dal,o
Haldiram's Moong Dal,o
Haldiram's Moong Dal,n
Haldiram's Moong Dal,i
Haldiram's Moong Dal,o
Haldiram's Moong Dal,n
Haldiram's Moong Dal,p
Haldiram's Moong Dal,a
Haldiram's Moong Dal,p
Haldiram's Moong Dal,r
Haldiram's Moong Dal,i
Haldiram's Moong Dal,k
Haldiram's Moong Dal,a
Haldiram's Moong Dal,c
Haldiram's Moong Dal,u
Haldiram's Moong Dal,r
Haldiram's Moong Dal,r
Haldiram's Moong Dal,y
Haldiram's Moong Dal, 
Haldiram's Moong Dal,l
Haldiram's Moong Dal,e
Haldiram's Moong Dal,a
Haldiram's Moong Dal,v
Haldiram's Moong Dal,e
Haldiram's Moong Dal,s
Haldiram's Moong Dal,g
Haldiram's Moong Dal,i
Haldiram's Moong Dal,n
Haldiram's Moong Dal,g
Haldiram's Moong Dal,e
Haldiram's Moong Dal,r
Haldiram's Moong Dal,g
Haldiram's Moong Dal,a
Haldiram's Moong Dal,r
Haldiram's Moong Dal,l
Haldiram's Moong Dal,i
Haldiram's Moong Dal,c
Haldiram's Moong Dal,b
Haldiram's Moong Dal,a
Haldiram's Moong Dal,y
Haldiram's Moong Dal, 
Haldiram's Moong Dal,l
Haldiram's Moong Dal,e
Haldiram's Moong Dal,a
Haldiram's Moong Dal,v
Haldiram's Moong Dal,e
Haldiram's Moong Dal,s
Haldiram's Moong Dal,c
Haldiram's Moong Dal,a
Haldiram's Moong Dal,r
Haldiram's Moong Dal,d
Haldiram's Moong Dal,a
Haldiram's Moong Dal,m
Haldiram's Moong Dal,o
Haldiram's Moong Dal,m
Haldiram's Moong Dal,s
Haldiram's Moong Dal,p
Haldiram's Moong Dal,i
Haldiram's Moong Dal,c
Haldiram's Moong Dal,e
Haldiram's Moong Dal,s
Maggi 2-Minute Noodles - Masala,M
Maggi 2-Minute Noodles - Masala,a
Maggi 2-Minute Noodles - Masala,g
Maggi 2-Minute Noodles - Masala,g
Maggi 2-Minute Noodles - Masala,i
Maggi 2-Minute Noodles - Masala, 
Maggi 2-Minute Noodles - Masala,2
Maggi 2-Minute Noodles - Masala,-
Maggi 2-Minute Noodles - Masala,M
Maggi 2-Minute Noodles - Masala,i
Maggi 2-Minute Noodles - Masala,n
Maggi 2-Minute Noodles - Masala,u
Maggi 2-Minute Noodles - Masala,t
Maggi 2-Minute Noodles - Masala,e
Maggi 2-Minute Noodles - Masala, 
Maggi 2-Minute Noodles - Masala,N
Maggi 2-Minute Noodles - Masala,o
Maggi 2-Minute Noodles - Masala,o
Maggi 2-Minute Noodles - Masala,d
Maggi 2-Minute Noodles - Masala,l
Maggi 2-Minute Noodles - Masala,e
Maggi 2-Minute Noodles - Masala,s
Maggi 2-Minute Noodles - Masala, 
Maggi 2-Minute Noodles - Masala,-
Maggi 2-Minute Noodles - Masala, 
Maggi 2-Minute Noodles - Masala,P
Maggi 2-Minute Noodles - Masala,l
Maggi 2-Minute Noodles - Masala,a
Maggi 2-Minute Noodles - Masala,i
Maggi 2-Minute Noodles - Masala,n
Maggi 2-Minute Noodles - Masala, 
Maggi 2-Minute Noodles - Masala,M
Maggi 2-Minute Noodles - Masala,e
Maggi 2-Minute Noodles - Masala,e
Maggi 2-Minute Noodles - Masala,M
Maggi 2-Minute Noodles - Masala,a
Maggi 2-Minute Noodles - Masala,g
Maggi 2-Minute Noodles - Masala,g
Maggi 2-Minute Noodles - Masala,i
Maggi 2-Minute Noodles - Masala, 
Maggi 2-Minute Noodles - Masala,2
Maggi 2-Minute Noodles - Masala,-
Maggi 2-Minute Noodles - Masala,M
Maggi 2-Minute Noodles - Masala,i
Maggi 2-Minute Noodles - Masala,n
Maggi 2-Minute Noodles - Masala,u
Maggi 2-Minute Noodles - Masala,t
Maggi 2-Minute Noodles - Masala,e
Maggi 2-Minute Noodles - Masala, 
Maggi 2-Minute Noodles - Masala,N
Maggi 2-Minute Noodles - Masala,o
Maggi 2-Minute Noodles - Masala,o
Maggi 2-Minute Noodles - Masala,d
Maggi 2-Minute Noodles - Masala,l
Maggi 2-Minute Noodles - Masala,e
Maggi 2-Minute Noodles - Masala,s
Maggi 2-Minute Noodles - Masala, 
Maggi 2-Minute Noodles - Masala,-
Maggi 2-Minute Noodles - Masala, 
Maggi 2-Minute Noodles - Masala,S
Maggi 2-Minute Noodles - Masala,p
Maggi 2-Minute Noodles - Masala,i
Maggi 2-Minute Noodles - Masala,c
Maggi 2-Minute Noodles - Masala,y
Maggi 2-Minute Noodles - Masala, 
Maggi 2-Minute Noodles - Masala,M
Maggi 2-Minute Noodles - Masala,e
Maggi 2-Minute Noodles - Masala,e
Maggi 2-Minute Noodles - Masala,M
Maggi 2-Minute Noodles - Masala,a
Maggi 2-Minute Noodles - Masala,g
Maggi 2-Minute Noodles - Masala,g
Maggi 2-Minute Noodles - Masala,i
Maggi 2-Minute Noodles - Masala, 
Maggi 2-Minute Noodles - Masala,2
Maggi 2-Minute Noodles - Masala,-
Maggi 2-Minute Noodles - Masala,M
Maggi 2-Minute Noodles - Masala,i
Maggi 2-Minute Noodles - Masala,n
Maggi 2-Minute Noodles - Masala,u
Maggi 2-Minute Noodles - Masala,t
Maggi 2-Minute Noodles - Masala,e
Maggi 2-Minute Noodles - Masala, 
Maggi 2-Minute Noodles - Masala,N
Maggi 2-Minute Noodles - Masala,o
Maggi 2-Minute Noodles - Masala,o
Maggi 2-Minute Noodles - Masala,d
Maggi 2-Minute Noodles - Masala,l
Maggi 2-Minute Noodles - Masala,e
Maggi 2-Minute Noodles - Masala,s
Maggi 2-Minute Noodles - Masala, 
Maggi 2-Minute Noodles - Masala,-
Maggi 2-Minute Noodles - Masala, 
Maggi 2-Minute Noodles - Masala,H
Maggi 2-Minute Noodles - Masala,o
Maggi 2-Minute Noodles - Masala,t
Maggi 2-Minute Noodles - Masala, 
Maggi 2-Minute Noodles - Masala,a
Maggi 2-Minute Noodles - Masala,n
Maggi 2-Minute Noodles - Masala,d
Maggi 2-Minute Noodles - Masala, 
Maggi 2-Minute Noodles - Masala,S
Maggi 2-Minute Noodles - Masala,p
Maggi 2-Minute Noodles - Masala,i
Maggi 2-Minute Noodles - Masala,c
Maggi 2-Minute Noodles - Masala,y
Maggi 2-Minute Noodles - Masala, 
Maggi 2-Minute Noodles - Masala,M
Maggi 2-Minute Noodles - Masala,e
Maggi 2-Minute Noodles - Masala,e
Maggi 2-Minute Noodles - Masala,M
Maggi 2-Minute Noodles - Masala,a
Maggi 2-Minute Noodles - Masala,g
Maggi 2-Minute Noodles - Masala,g
Maggi 2-Minute Noodles - Masala,i
Maggi 2-Minute Noodles - Masala, 
Maggi 2-Minute Noodles - Masala,2
Maggi 2-Minute Noodles - Masala,-
Maggi 2-Minute Noodles - Masala,M
Maggi 2-Minute Noodles - Masala,i
Maggi 2-Minute Noodles - Masala,n
Maggi 2-Minute Noodles - Masala,u
Maggi 2-Minute Noodles - Masala,t
Maggi 2-Minute Noodles - Masala,e
Maggi 2-Minute Noodles - Masala, 
Maggi 2-Minute Noodles - Masala,N
Maggi 2-Minute Noodles - Masala,o
Maggi 2-Minute Noodles - Masala,o
Maggi 2-Minute Noodles - Masala,d
Maggi 2-Minute Noodles - Masala,l
Maggi 2-Minute Noodles - Masala,e
Maggi 2-Minute Noodles - Masala,s
Maggi 2-Minute Noodles - Masala, 
Maggi 2-Minute Noodles - Masala,-
Maggi 2-Minute Noodles - Masala, 
Maggi 2-Minute Noodles - Masala,S
Maggi 2-Minute Noodles - Masala,i
Maggi 2-Minute Noodles - Masala,n
Maggi 2-Minute Noodles - Masala,g
Maggi 2-Minute Noodles - Masala,a
Maggi 2-Minute Noodles - Masala,p
Maggi 2-Minute Noodles - Masala,o
Maggi 2-Minute Noodles - Masala,r
Maggi 2-Minute Noodles - Masala,e
Maggi 2-Minute Noodles - Masala, 
Maggi 2-Minute Noodles - Masala,F
Maggi 2-Minute Noodles - Masala,r
Maggi 2-Minute Noodles - Masala,i
Maggi 2-Minute Noodles - Masala,e
Maggi 2-Minute Noodles - Masala,d
Maggi 2-Minute Noodles - Masala, 
Maggi 2-Minute Noodles - Masala,V
Maggi 2-Minute Noodles - Masala,e
Maggi 2-Minute Noodles - Masala,r
Maggi 2-Minute Noodles - Masala,m
Maggi 2-Minute Noodles - Masala,i
Maggi 2-Minute Noodles - Masala,c
Maggi 2-Minute Noodles - Masala,e
Maggi 2-Minute Noodles - Masala,l
Maggi 2-Minute Noodles - Masala,l
Maggi 2-Minute Noodles - Masala,i
Maggi 2-Minute Noodles - Masala,M
Maggi 2-Minute Noodles - Masala,a
Maggi 2-Minute Noodles - Masala,g
Maggi 2-Minute Noodles - Masala,g
Maggi 2-Minute Noodles - Masala,i
Maggi 2-Minute Noodles - Masala, 
Maggi 2-Minute Noodles - Masala,2
Maggi 2-Minute Noodles - Masala,-
Maggi 2-Minute Noodles - Masala,M
Maggi 2-Minute Noodles - Masala,i
Maggi 2-Minute Noodles - Masala,n
Maggi 2-Minute Noodles - Masala,u
Maggi 2-Minute Noodles - Masala,t
Maggi 2-Minute Noodles - Masala,e
Maggi 2-Minute Noodles - Masala, 
Maggi 2-Minute Noodles - Masala,N
Maggi 2-Minute Noodles - Masala,o
Maggi 2-Minute Noodles - Masala,o
Maggi 2-Minute Noodles - Masala,d
Maggi 2-Minute Noodles - Masala,l
Maggi 2-Minute Noodles - Masala,e
Maggi 2-Minute Noodles - Masala,s
Maggi 2-Minute Noodles - Masala, 
Maggi 2-Minute Noodles - Masala,-
Maggi 2-Minute Noodles - Masala, 
Maggi 2-Minute Noodles - Masala,S
Maggi 2-Minute Noodles - Masala,i
Maggi 2-Minute Noodles - Masala,n
Maggi 2-Minute Noodles - Masala,g
Maggi 2-Minute Noodles - Masala,a
Maggi 2-Minute Noodles - Masala,p
Maggi 2-Minute Noodles - Masala,o
Maggi 2-Minute Noodles - Masala,r
Maggi 2-Minute Noodles - Masala,e
Maggi 2-Minute Noodles - Masala, 
Maggi 2-Minute Noodles - Masala,F
Maggi 2-Minute Noodles - Masala,r
Maggi 2-Minute Noodles - Masala,i
Maggi 2-Minute Noodles - Masala,e
Maggi 2-Minute Noodles - Masala,d
Maggi 2-Minute Noodles - Masala, 
Maggi 2-Minute Noodles - Masala,R
Maggi 2-Minute Noodles - Masala,i
Maggi 2-Minute Noodles - Masala,c
Maggi 2-Minute Noodles - Masala,e
Maggi 2-Minute Noodles - Masala,M
Maggi 2-Minute Noodles - Masala,a
Maggi 2-Minute Noodles - Masala,g
Maggi 2-Minute Noodles - Masala,g
Maggi 2-Minute Noodles - Masala,i
Maggi 2-Minute Noodles - Masala, 
Maggi 2-Minute Noodles - Masala,2
Maggi 2-Minute Noodles - Masala,-
Maggi 2-Minute Noodles - Masala,M
Maggi 2-Minute Noodles - Masala,i
Maggi 2-Minute Noodles - Masala,n
Maggi 2-Minute Noodles - Masala,u
Maggi 2-Minute Noodles - Masala,t
Maggi 2-Minute Noodles - Masala,e
Maggi 2-Minute Noodles - Masala, 
Maggi 2-Minute Noodles - Masala,N
Maggi 2-Minute Noodles - Masala,o
Maggi 2-Minute Noodles - Masala,o
Maggi 2-Minute Noodles - Masala,d
Maggi 2-Minute Noodles - Masala,l
Maggi 2-Minute Noodles - Masala,e
Maggi 2-Minute Noodles - Masala,s
Maggi 2-Minute Noodles - Masala, 
Maggi 2-Minute Noodles - Masala,-
Maggi 2-Minute Noodles - Masala, 
Maggi 2-Minute Noodles - Masala,S
Maggi 2-Minute Noodles - Masala,i
Maggi 2-Minute Noodles - Masala,n
Maggi 2-Minute Noodles - Masala,g
Maggi 2-Minute Noodles - Masala,a
Maggi 2-Minute Noodles - Masala,p
Maggi 2-Minute Noodles - Masala,o
Maggi 2-Minute Noodles - Masala,r
Maggi 2-Minute Noodles - Masala,e
Maggi 2-Minute Noodles - Masala, 
Maggi 2-Minute Noodles - Masala,F
Maggi 2-Minute Noodles - Masala,r
Maggi 2-Minute Noodles - Masala,i
Maggi 2-Minute Noodles - Masala,e
Maggi 2-Minute Noodles - Masala,d
Maggi 2-Minute Noodles - Masala, 
Maggi 2-Minute Noodles - Masala,N
Maggi 2-Minute Noodles - Masala,o
Maggi 2-Minute Noodles - Masala,o
Maggi 2-Minute Noodles - Masala,d
Maggi 2-Minute Noodles - Masala,l
Maggi 2-Minute Noodles - Masala,e
Maggi 2-Minute Noodles - Masala,s
Maggi 2-Minute Noodles - Masala,M
Maggi 2-Minute Noodles - Masala,a
Maggi 2-Minute Noodles - Masala,g
Maggi 2-Minute Noodles - Masala,g
Maggi 2-Minute Noodles - Masala,i
Maggi 2-Minute Noodles - Masala, 
Maggi 2-Minute Noodles - Masala,2
Maggi 2-Minute Noodles - Masala,-
Maggi 2-Minute Noodles - Masala,M
Maggi 2-Minute Noodles - Masala,i
Maggi 2-Minute Noodles - Masala,n
Maggi 2-Minute Noodles - Masala,u
Maggi 2-Minute Noodles - Masala,t
Maggi 2-Minute Noodles - Masala,e
Maggi 2-Minute Noodles - Masala, 
Maggi 2-Minute Noodles - Masala,N
Maggi 2-Minute Noodles - Masala,o
Maggi 2-Minute Noodles - Masala,o
Maggi 2-Minute Noodles - Masala,d
Maggi 2-Minute Noodles - Masala,l
Maggi 2-Minute Noodles - Masala,e
Maggi 2-Minute Noodles - Masala,s
Maggi 2-Minute Noodles - Masala, 
Maggi 2-Minute Noodles - Masala,-
Maggi 2-Minute Noodles - Masala, 
Maggi 2-Minute Noodles - Masala,S
Maggi 2-Minute Noodles - Masala,i
Maggi 2-Minute Noodles - Masala,n
Maggi 2-Minute Noodles - Masala,g
Maggi 2-Minute Noodles - Masala,a
Maggi 2-Minute Noodles - Masala,p
Maggi 2-Minute Noodles - Masala,o
Maggi 2-Minute Noodles - Masala,r
Maggi 2-Minute Noodles - Masala,e
Maggi 2-Minute Noodles - Masala, 
Maggi 2-Minute Noodles - Masala,F
Maggi 2-Minute Noodles - Masala,r
Maggi 2-Minute Noodles - Masala,i
Maggi 2-Minute Noodles - Masala,e
Maggi 2-Minute Noodles - Masala,d
Maggi 2-Minute Noodles - Masala, 
Maggi 2-Minute Noodles - Masala,E
Maggi 2-Minute Noodles - Masala,g
Maggi 2-Minute Noodles - Masala,g
Maggi 2-Minute Noodles - Masala, 
Maggi 2-Minute Noodles - Masala,N
Maggi 2-Minute Noodles - Masala,o
Maggi 2-Minute Noodles - Masala,o
Maggi 2-Minute Noodles - Masala,d
Maggi 2-Minute Noodles - Masala,l
Maggi 2-Minute Noodles - Masala,e
Maggi 2-Minute Noodles - Masala,s
Maggi 2-Minute Noodles - Masala,M
Maggi 2-Minute Noodles - Masala,a
Maggi 2-Minute Noodles - Masala,g
Maggi 2-Minute Noodles - Masala,g
Maggi 2-Minute Noodles - Masala,i
Maggi 2-Minute Noodles - Masala, 
Maggi 2-Minute Noodles - Masala,2
Maggi 2-Minute Noodles - Masala,-
Maggi 2-Minute Noodles - Masala,M
Maggi 2-Minute Noodles - Masala,i
Maggi 2-Minute Noodles - Masala,n
Maggi 2-Minute Noodles - Masala,u
Maggi 2-Minute Noodles - Masala,t
Maggi 2-Minute Noodles - Masala,e
Maggi 2-Minute Noodles - Masala, 
Maggi 2-Minute Noodles - Masala,N
Maggi 2-Minute Noodles - Masala,o
Maggi 2-Minute Noodles - Masala,o
Maggi 2-Minute Noodles - Masala,d
Maggi 2-Minute Noodles - Masala,l
Maggi 2-Minute Noodles - Masala,e
Maggi 2-Minute Noodles - Masala,s
Maggi 2-Minute Noodles - Masala, 
Maggi 2-Minute Noodles - Masala,-
Maggi 2-Minute Noodles - Masala, 
Maggi 2-Minute Noodles - Masala,S
Maggi 2-Minute Noodles - Masala,i
Maggi 2-Minute Noodles - Masala,n
Maggi 2-Minute Noodles - Masala,g
Maggi 2-Minute Noodles - Masala,a
Maggi 2-Minute Noodles - Masala,p
Maggi 2-Minute Noodles - Masala,o
Maggi 2-Minute Noodles - Masala,r
Maggi 2-Minute Noodles - Masala,e
Maggi 2-Minute Noodles - Masala, 
Maggi 2-Minute Noodles - Masala,F
Maggi 2-Minute Noodles - Masala,r
Maggi 2-Minute Noodles - Masala,i
Maggi 2-Minute Noodles - Masala,e
Maggi 2-Minute Noodles - Masala,d
Maggi 2-Minute Noodles - Masala, 
Maggi 2-Minute Noodles - Masala,R
Maggi 2-Minute Noodles - Masala,o
Maggi 2-Minute Noodles - Masala,t
Maggi 2-Minute Noodles - Masala,i
Maggi 2-Minute Noodles - Masala,M
Maggi 2-Minute Noodles - Masala,a
Maggi 2-Minute Noodles - Masala,g
Maggi 2-Minute Noodles - Masala,g
Maggi 2-Minute Noodles - Masala,i
Maggi 2-Minute Noodles - Masala, 
Maggi 2-Minute Noodles - Masala,2
Maggi 2-Minute Noodles - Masala,-
Maggi 2-Minute Noodles - Masala,M
Maggi 2-Minute Noodles - Masala,i
Maggi 2-Minute Noodles - Masala,n
Maggi 2-Minute Noodles - Masala,u
Maggi 2-Minute Noodles - Masala,t
Maggi 2-Minute Noodles - Masala,e
Maggi 2-Minute Noodles - Masala, 
Maggi 2-Minute Noodles - Masala,N
Maggi 2-Minute Noodles - Masala,o
Maggi 2-Minute Noodles - Masala,o
Maggi 2-Minute Noodles - Masala,d
Maggi 2-Minute Noodles - Masala,l
Maggi 2-Minute Noodles - Masala,e
Maggi 2-Minute Noodles - Masala,s
Maggi 2-Minute Noodles - Masala, 
Maggi 2-Minute Noodles - Masala,-
Maggi 2-Minute Noodles - Masala, 
Maggi 2-Minute Noodles - Masala,S
Maggi 2-Minute Noodles - Masala,i
Maggi 2-Minute Noodles - Masala,n
Maggi 2-Minute Noodles - Masala,g
Maggi 2-Minute Noodles - Masala,a
Maggi 2-Minute Noodles - Masala,p
Maggi 2-Minute Noodles - Masala,o
Maggi 2-Minute Noodles - Masala,r
Maggi 2-Minute Noodles - Masala,e
Maggi 2-Minute Noodles - Masala, 
Maggi 2-Minute Noodles - Masala,F
Maggi 2-Minute Noodles - Masala,r
Maggi 2-Minute Noodles - Masala,i
Maggi 2-Minute Noodles - Masala,e
Maggi 2-Minute Noodles - Masala,d
Maggi 2-Minute Noodles - Masala, 
Maggi 2-Minute Noodles - Masala,C
Maggi 2-Minute Noodles - Masala,u
Maggi 2-Minute Noodles - Masala,r
Maggi 2-Minute Noodles - Masala,r
Maggi 2-Minute Noodles - Masala,y
Maggi 2-Minute Noodles - Masala,M
Maggi 2-Minute Noodles - Masala,a
Maggi 2-Minute Noodles - Masala,g
Maggi 2-Minute Noodles - Masala,g
Maggi 2-Minute Noodles - Masala,i
Maggi 2-Minute Noodles - Masala, 
Maggi 2-Minute Noodles - Masala,2
Maggi 2-Minute Noodles - Masala,-
Maggi 2-Minute Noodles - Masala,M
Maggi 2-Minute Noodles - Masala,i
Maggi 2-Minute Noodles - Masala,n
Maggi 2-Minute Noodles - Masala,u
Maggi 2-Minute Noodles - Masala,t
Maggi 2-Minute Noodles - Masala,e
Maggi 2-Minute Noodles - Masala, 
Maggi 2-Minute Noodles - Masala,N
Maggi 2-Minute Noodles - Masala,o
Maggi 2-Minute Noodles - Masala,o
Maggi 2-Minute Noodles - Masala,d
Maggi 2-Minute Noodles - Masala,l
Maggi 2-Minute Noodles - Masala,e
Maggi 2-Minute Noodles - Masala,s
Maggi 2-Minute Noodles - Masala, 
Maggi 2-Minute Noodles - Masala,-
Maggi 2-Minute Noodles - Masala, 
Maggi 2-Minute Noodles - Masala,S
Maggi 2-Minute Noodles - Masala,i
Maggi 2-Minute Noodles - Masala,n
Maggi 2-Minute Noodles - Masala,g
Maggi 2-Minute Noodles - Masala,a
Maggi 2-Minute Noodles - Masala,p
Maggi 2-Minute Noodles - Masala,o
Maggi 2-Minute Noodles - Masala,r
Maggi 2-Minute Noodles - Masala,e
Maggi 2-Minute Noodles - Masala, 
Maggi 2-Minute Noodles - Masala,F
Maggi 2-Minute Noodles - Masala,r
Maggi 2-Minute Noodles - Masala,i
Maggi 2-Minute Noodles - Masala,e
Maggi 2-Minute Noodles - Masala,d
Maggi 2-Minute Noodles - Masala, 
Maggi 2-Minute Noodles - Masala,C
Maggi 2-Minute Noodles - Masala,u
Maggi 2-Minute Noodles - Masala,r
Maggi 2-Minute Noodles - Masala,r
Maggi 2-Minute Noodles - Masala,y
Maggi 2-Minute Noodles - Masala, 
Maggi 2-Minute Noodles - Masala,w
Maggi 2-Minute Noodles - Masala,i
Maggi 2-Minute Noodles - Masala,t
Maggi 2-Minute Noodles - Masala,h
Maggi 2-Minute Noodles - Masala, 
Maggi 2-Minute Noodles - Masala,E
Maggi 2-Minute Noodles - Masala,g
Maggi 2-Minute Noodles - Masala,g
Maggi 2-Minute Noodles - Masala,M
Maggi 2-Minute Noodles - Masala,a
Maggi 2-Minute Noodles - Masala,g
Maggi 2-Minute Noodles - Masala,g
Maggi 2-Minute Noodles - Masala,i
Maggi 2-Minute Noodles - Masala, 
Maggi 2-Minute Noodles - Masala,2
Maggi 2-Minute Noodles - Masala,-
Maggi 2-Minute Noodles - Masala,M
Maggi 2-Minute Noodles - Masala,i
Maggi 2-Minute Noodles - Masala,n
Maggi 2-Minute Noodles - Masala,u
Maggi 2-Minute Noodles - Masala,t
Maggi 2-Minute Noodles - Masala,e
Maggi 2-Minute Noodles - Masala, 
Maggi 2-Minute Noodles - Masala,N
Maggi 2-Minute Noodles - Masala,o
Maggi 2-Minute Noodles - Masala,o
Maggi 2-Minute Noodles - Masala,d
Maggi 2-Minute Noodles - Masala,l
Maggi 2-Minute Noodles - Masala,e
Maggi 2-Minute Noodles - Masala,s
Maggi 2-Minute Noodles - Masala, 
Maggi 2-Minute Noodles - Masala,-
Maggi 2-Minute Noodles - Masala, 
Maggi 2-Minute Noodles - Masala,S
Maggi 2-Minute Noodles - Masala,i
Maggi 2-Minute Noodles - Masala,n
Maggi 2-Minute Noodles - Masala,g
Maggi 2-Minute Noodles - Masala,a
Maggi 2-Minute Noodles - Masala,p
Maggi 2-Minute Noodles - Masala,o
Maggi 2-Minute Noodles - Masala,r
Maggi 2-Minute Noodles - Masala,e
Maggi 2-Minute Noodles - Masala, 
Maggi 2-Minute Noodles - Masala,F
Maggi 2-Minute Noodles - Masala,r
Maggi 2-Minute Noodles - Masala,i
Maggi 2-Minute Noodles - Masala,e
Maggi 2-Minute Noodles - Masala,d
Maggi 2-Minute Noodles - Masala, 
Maggi 2-Minute Noodles - Masala,C
Maggi 2-Minute Noodles - Masala,h
Maggi 2-Minute Noodles - Masala,i
Maggi 2-Minute Noodles - Masala,c
Maggi 2-Minute Noodles - Masala,k
Maggi 2-Minute Noodles - Masala,e
Maggi 2-Minute Noodles - Masala,n
Maggi 2-Minute Noodles - Masala, 
Maggi 2-Minute Noodles - Masala,C
Maggi 2-Minute Noodles - Masala,u
Maggi 2-Minute Noodles - Masala,r
Maggi 2-Minute Noodles - Masala,r
Maggi 2-Minute Noodles - Masala,y



### GOOD
Amul Butter,Amul Chocolates
Amul Butter,Amul Petha
Amul Butter,Amul Milk
Amul Butter,Amul Icecream
Amul Butter,Amul Cheese
Amul Butter,Amul Cooked Butter
Amul Butter,Amul Khoya
Amul Butter,Amul Butter Cookies
Amul Butter,Amul Butter Cake
Amul Butter,Amul Butter
Amul Butter,Amul Butter Bun
Cadbury Dairy Milk Silk - Bubbly,Cadbury Dairy Milk Silk - Creme
Cadbury Dairy Milk Silk - Bubbly,Cadbury Dairy Milk Silk - Fruit and Nut
Cadbury Dairy Milk Silk - Bubbly,Cadbury Dairy Milk Silk - Fruit and Nut Milk
Cadbury Dairy Milk Silk - Bubbly,Cadbury Dairy Milk Silk - Hazelnut
Cadbury Dairy Milk Silk - Bubbly,Cadbury Dairy Milk Silk - Hazelnut Milk
Cadbury Dairy Milk Silk - Bubbly,Cadbury Dairy Milk Silk - Malt
Cadbury Dairy Milk Silk - Bubbly,Cadbury Dairy Milk Silk - Malt Milk
Cadbury Dairy Milk Silk - Bubbly,Cadbury Dairy Milk Silk - Mint
Cadbury Dairy Milk Silk - Bubbly,Cadbury Dairy Milk Silk - Mint Milk
Cadbury Dairy Milk Silk - Bubbly,Cadbury Dairy Milk Silk - Original
Haldiram's Moong Dal,Halwa
Haldiram's Moong Dal,Halva
Haldiram's Moong Dal,Halwa cake
Haldiram's Moong Dal,Halva Cake
Haldiram's Moong Dal,Halwa Halwa
Haldiram's Moong Dal,Halva Halva
Haldiram's Moong Dal,Halwa Cake
Haldiram's Moong Dal,Halwa Cake
Haldiram's Moong Dal,Halwa Cake
Haldiram's Moong Dal,Halwa Cake
Maggi 2-Minute Noodles - Masala,Instant Potatoes
Maggi 2-Minute Noodles - Masala,Baked Potato Chips
Maggi 2-Minute Noodles - Masala,Pretzel Chips
Maggi 2-Minute Noodles - Masala,Maggi Instant Noodles - Chicken
Maggi 2-Minute Noodles - Masala,Maggi Instant Noodles - Chilli
Maggi 2-Minute Noodles - Masala,Maggi Instant Noodles - Singapore
Maggi 2-Minute Noodles - Masala,Maggi Instant Noodles - Thai
Maggi 2-Minute Noodles - Masala,Maggi Instant Noodles - Tom Yum
Maggi 2-Minute Noodles - Masala,Maggi Instant Noodles - Tomato
Maggi 2-Minute Noodles - Masala,Maggi Instant Noodles - Schezwan
Maggi 2-Minute Noodles - Masala,Maggi Instant Noodles - Kimchi
Amul Butter,Amul Cream
Amul Butter,Amul Ghee
Amul Butter,Amul Lite
Amul Butter,Amul Milk
Amul Butter,Amul Milk Powder
Amul Butter,Amul Skimmed Milk Powder
Amul Butter,Amul Yogurt
Amul Butter,Amul Cheese
Amul Butter,Amul Butter Milk
Amul Butter,Amul Butter
Amul Butter,Amul Butter Milk
Amul Butter,Amul Butter Milk
Amul Butter,Amul Butter Milk
Amul Butter,Amul Butter Milk
Amul Butter,Amul Butter Milk
Amul Butter,Amul Butter Milk
