Biotique Bio Coconut Whitening & Brightening Cream,Biotique Bio Purifying Facial Scrub
Biotique Bio Coconut Whitening & Brightening Cream,Biotique Bio Face Soap
Biotique Bio Coconut Whitening & Brightening Cream,Biotique Bio Tearless Baby Facial Wash
Biotique Bio Coconut Whitening & Brightening Cream,Biotique Bio Strawberry Rhubarb Soap
Biotique Bio Coconut Whitening & Brightening Cream,Biotique Bio Purifying Face Mask
Biotique Bio Coconut Whitening & Brightening Cream,Biotique Bio Sunblock Lotion SPF25
Biotique Bio Coconut Whitening & Brightening Cream,Biotique Bio Facial Scrub
Biotique Bio Coconut Whitening & Brightening Cream,Biotique Bio Gentle Facial Wash
Biotique Bio Coconut Whitening & Brightening Cream,Biotique Bio Strawberry Rhubarb Soap
Biotique Bio Coconut Whitening & Brightening Cream,Biotique Bio shampoo
Biotique Bio Coconut Whitening & Brightening Cream,Biotique Bio Tearless Baby Facial Wash
Biotique Bio Coconut Whitening & Brightening Cream,Biotique Bio Strawberry Rhubarb Soap
Lotus Herbals Safe Sun UV Screen Matte Gel SPF 50,Avon Basics Sunstoppers Sunscreen SPF 50
Lotus Herbals Safe Sun UV Screen Matte Gel SPF 50,Nivea Sun Protect Plus Sunscreen Lotion SPF 50
Lotus Herbals Safe Sun UV Screen Matte Gel SPF 50,Kiehls Facial Fuel UV Sunscreen SPF 50
Lotus Herbals Safe Sun UV Screen Matte Gel SPF 50,Blue Lizard Australian Sunscreen SPF 30+
Lotus Herbals Safe Sun UV Screen Matte Gel SPF 50,Coppertone Kids Sunscreen Stick SPF 30
Lotus Herbals Safe Sun UV Screen Matte Gel SPF 50,Banana Boat SunComfort SPF 30
Forest Essentials Mashobra Honey & Vanilla Hair Cleanser,Forest Essentials Lavender & Clove Hair Cleanser
Forest Essentials Mashobra Honey & Vanilla Hair Cleanser,Forest Essentials Aloe & Chamomile Hair Cleanser
Forest Essentials Mashobra Honey & Vanilla Hair Cleanser,Forest Essentials Chamomile & Rosehip Hair Cleanser
Forest Essentials Mashobra Honey & Vanilla Hair Cleanser,Forest Essentials Coconut & Peach Hair Cleanser
Forest Essentials Mashobra Honey & Vanilla Hair Cleanser,Forest Essentials Orange & Ginger Hair Cleanser
Forest Essentials Mashobra Honey & Vanilla Hair Cleanser,Forest Essentials Wild Berry & Hibiscus Hair Cleanser
Forest Essentials Mashobra Honey & Vanilla Hair Cleanser,Forest Essentials Koroneiki Olive Oil & Lavender Hair Cleanser
Forest Essentials Mashobra Honey & Vanilla Hair Cleanser,Forest Essentials Olive & Honey Hair Cleanser
Forest Essentials Mashobra Honey & Vanilla Hair Cleanser,Forest Essentials Olive & Rosemary Hair Cleanser
Lakmé Absolute Skin Natural Mousse Foundation,Lakmé Absolute Skin Natural Mousse Foundation
Lakmé Absolute Skin Natural Mousse Foundation,Lakmé Skin Natural Mousse Foundation
Lakmé Absolute Skin Natural Mousse Foundation,Lakmé Wonder Glow Flawless Radiance Mousse Foundation
Lakmé Absolute Skin Natural Mousse Foundation,Lakmé Skin Perfecting Mousse Foundation
Lakmé Absolute Skin Natural Mousse Foundation,Lakmé Skin Natural Matte Mousse Foundation
Lakmé Absolute Skin Natural Mousse Foundation,Lakmé Skin Perfecting Oil-Free Mousse Foundation
Patanjali Aloe Vera Gel,Patanjali Aloe vera
Patanjali Aloe Vera Gel,Patanjali Bee Pollen
Patanjali Aloe Vera Gel,Patanjali Aloe vera lotion
Patanjali Aloe Vera Gel,Patanjali Aloe vera extract
Patanjali Aloe Vera Gel,Patanjali Aloe vera moisturizing cream
Patanjali Aloe Vera Gel,Patanjali Aloe vera gel
Patanjali Aloe Vera Gel,Patanjali Aloe vera juice for hair
Patanjali Aloe Vera Gel,Patanjali Aloe vera soap
Patanjali Aloe Vera Gel,Patanjali Aloe Vera face mask
Himalaya Herbals Purifying Neem Face Wash,Nivea Visage Refreshing Cleansing Gel
Himalaya Herbals Purifying Neem Face Wash,L'Oreal Paris Men Expert Pure Clay Detox Mask
Himalaya Herbals Purifying Neem Face Wash,La Roche-Posay Toleriane Purifying Foaming Gel
Himalaya Herbals Purifying Neem Face Wash,Nivea Visage Q10 Plus Anti-Wrinkle Miracle Cream
Himalaya Herbals Purifying Neem Face Wash,Neutrogena Oil Free Acne Wash
Himalaya Herbals Purifying Neem Face Wash,Nivea Visage Q10 Plus Firming Day Cream
Himalaya Herbals Purifying Neem Face Wash,Nivea Visage Q10 Plus Firming Night Cream
Himalaya Herbals Purifying Neem Face Wash,L'Oreal Paris Men Expert Pure Clay Detox Mask
Himalaya Herbals Purifying Neem Face Wash,Nivea Visage Q10 Plus Firming Facial Toner
Vicco Turmeric Cream,Vicco sari turmeric cream
Vicco Turmeric Cream,Vicco turmeric cream for face
Vicco Turmeric Cream,Vicco amla and turmeric cream
Vicco Turmeric Cream,Vicco turmeric and amla cream
Vicco Turmeric Cream,Vicco turmeric cream for skin
Vicco Turmeric Cream,Vicco morinda cream
Vicco Turmeric Cream,Vicco amla cream
Vicco Turmeric Cream,Vicco morinda amla and turmeric cream
Biotique Bio Coconut Whitening & Brightening Cream,Biotique Bio Aloe Vera Gel
Biotique Bio Coconut Whitening & Brightening Cream,Biotique Bio Herb N Spice
Biotique Bio Coconut Whitening & Brightening Cream,Biotique Bio Olive Squeeze
Biotique Bio Coconut Whitening & Brightening Cream,Biotique Bio Fresh Cream
Biotique Bio Coconut Whitening & Brightening Cream,Biotique Bio Aloe Vera Gel
Biotique Bio Coconut Whitening & Brightening Cream,Biotique Bio Coconut Whitening & Brightening Cream
Lotus Herbals Safe Sun UV Screen Matte Gel SPF 50,Neutrogena Ultra Sheer Face And Body Sunscreen SPF 50
Lotus Herbals Safe Sun UV Screen Matte Gel SPF 50,Olay Complete All Day UV Moisturizer
Lotus Herbals Safe Sun UV Screen Matte Gel SPF 50,Nivea Sun Protectivity Essence SPF 30
Lotus Herbals Safe Sun UV Screen Matte Gel SPF 50,Banana Boat Sport Performance SPF 30
Lotus Herbals Safe Sun UV Screen Matte Gel SPF 50,Ives Clear Complexion SPF 25
Lotus Herbals Safe Sun UV Screen Matte Gel SPF 50,Aveeno Protect + Hydrate Facial Moisturizer SPF 30
Lotus Herbals Safe Sun UV Screen Matte Gel SPF 50,Nivea Sun Protectivity Daily Cream SPF 50
Lotus Herbals Safe Sun UV Screen Matte Gel SPF 50,SkinMedica Total Defense + Repair SPF 30
Lotus Herbals Safe Sun UV Screen Matte Gel SPF 50,Garnier SkinActive Clearly Brighter UV Moisturizer
Lotus Herbals Safe Sun UV Screen Matte Gel SPF 50,Neutrogena Ultra Sheer Face And Body Sunscreen SPF 100
Forest Essentials Mashobra Honey & Vanilla Hair Cleanser,Lush's Skinfood Silky Underarm
Forest Essentials Mashobra Honey & Vanilla Hair Cleanser,Garnier's Skinactive Clearly Brighter
Forest Essentials Mashobra Honey & Vanilla Hair Cleanser,Mary Kay's Replenish Replenishing Body Wash
Forest Essentials Mashobra Honey & Vanilla Hair Cleanser,Olay's Total Effects Facial Anti-Aging Moisturizer for Dry Skin
Forest Essentials Mashobra Honey & Vanilla Hair Cleanser,Garnier's Skin Active Clearly Brighter Moisturizer
Forest Essentials Mashobra Honey & Vanilla Hair Cleanser,Garnier's Skin Active Clearly Brighter All-in-One Amazing Anti-aging Moisturizer
Forest Essentials Mashobra Honey & Vanilla Hair Cleanser,Olay Total Effects Facial Anti-Aging Moisturizer
Forest Essentials Mashobra Honey & Vanilla Hair Cleanser,Olay Total Effects Facial Anti-Aging Eye Moisturizer
Lakmé Absolute Skin Natural Mousse Foundation,Revlon Colorsilk Beautiful Color Hair Color
Lakmé Absolute Skin Natural Mousse Foundation,Cover Girl TruBlend Liquid All-in-One Foundation
Lakmé Absolute Skin Natural Mousse Foundation,Bobbi Brown Hydrating Foundation
Lakmé Absolute Skin Natural Mousse Foundation,L'oreal Paris Infallible Pro-Glow Foundation
Lakmé Absolute Skin Natural Mousse Foundation,Cover Girl TruBlend Liquid All-in-One Foundation
Lakmé Absolute Skin Natural Mousse Foundation,Revlon Colorsilk Beautiful Color Hair Color
Lakmé Absolute Skin Natural Mousse Foundation,Estee Lauder Double Wear Stay-in-Place Makeup
Lakmé Absolute Skin Natural Mousse Foundation,Clinique Stay-Matte Oil Free Makeup
Lakmé Absolute Skin Natural Mousse Foundation,Maybelline Fit Me! Matte + Poreless
Lakmé Absolute Skin Natural Mousse Foundation,L'Oreal Paris Infallible Pro-Glow Foundation
Forest Essentials Pure Rosewater Facial Toner,Forest Essentials Forest Essentials Pure Rosewater Facial Toner
Forest Essentials Pure Rosewater Facial Toner,Forest Essentials Jojoba Oil Toner
Forest Essentials Pure Rosewater Facial Toner,Forest Essentials pH Balanced Toner
Forest Essentials Pure Rosewater Facial Toner,Forest Essentials Aloe Vera Products
Forest Essentials Pure Rosewater Facial Toner,Forest Essentials Rose Water Facial Toner
Forest Essentials Pure Rosewater Facial Toner,Forest Essentials Rosewater
Forest Essentials Pure Rosewater Facial Toner,Forest Essentials Rosewater Facial Toner
Forest Essentials Pure Rosewater Facial Toner,Forest Essentials Refreshing Toner
Jovees Sandalwood Sun Cover Natural Protection SPF 30,Jovees Royal Silk Cream SPF 15
Jovees Sandalwood Sun Cover Natural Protection SPF 30,Jovees Skin Defense Cream SPF 45
Jovees Sandalwood Sun Cover Natural Protection SPF 30,Jovees Pure Coconut Primer SPF 40
Jovees Sandalwood Sun Cover Natural Protection SPF 30,Jovees Coconut Fairness Cream SPF 15 PA+++
Jovees Sandalwood Sun Cover Natural Protection SPF 30,Innisfree Sun Cream SPF 50 PA+++
Lotus Herbals Whiteglow 3-in-1 Deep Cleansing Skin Whitening Facial Foam,GLORY SKIN WHITENING
Lotus Herbals Whiteglow 3-in-1 Deep Cleansing Skin Whitening Facial Foam,LILIANA SKIN WHITENING
Lotus Herbals Whiteglow 3-in-1 Deep Cleansing Skin Whitening Facial Foam,LILY SKIN WHITENING
Lotus Herbals Whiteglow 3-in-1 Deep Cleansing Skin Whitening Facial Foam,LILY SKIN WHITENING LOTION
Lotus Herbals Whiteglow 3-in-1 Deep Cleansing Skin Whitening Facial Foam,LILY SKIN WHITENING CREAM
Lotus Herbals Whiteglow 3-in-1 Deep Cleansing Skin Whitening Facial Foam,LILY SKIN WHITENING GEL
Lotus Herbals Whiteglow 3-in-1 Deep Cleansing Skin Whitening Facial Foam,VANARAS SKIN WHITENING
Lotus Herbals Whiteglow 3-in-1 Deep Cleansing Skin Whitening Facial Foam,VANARAS SKIN WHITENING LOTION
Lotus Herbals Whiteglow 3-in-1 Deep Cleansing Skin Whitening Facial Foam,URBAN DERMA SKIN WHITENING CREAM
Lotus Herbals Whiteglow 3-in-1 Deep Cleansing Skin Whitening Facial Foam,URBAN DERMA SKIN WHITENING LOTION
Himalaya Herbals Revitalizing Night Cream,Eucerin Nighttime Restoring Face Creme
Himalaya Herbals Revitalizing Night Cream,L'Occitane Immortelle Precious Cream
Himalaya Herbals Revitalizing Night Cream,Olay Regenerist Night Recovery Cream
Himalaya Herbals Revitalizing Night Cream,Vaseline Intensive Care Advanced Repair
Himalaya Herbals Revitalizing Night Cream,Peter Thomas Roth Mega-Rich Body Cream
Himalaya Herbals Revitalizing Night Cream,Rice Bran Oil
Himalaya Herbals Revitalizing Night Cream,Palmer's Coconut Oil Formula Massage
Himalaya Herbals Revitalizing Night Cream,Organic Extra Virgin Cocunut Oil
Himalaya Herbals Revitalizing Night Cream,Best Vitamin E Oil
Patanjali Multani Mitti Face Pack,Avon Anew Platinum Cream
Patanjali Multani Mitti Face Pack,Olay Total Effects 7-In-1 Repair Cream
Patanjali Multani Mitti Face Pack,L'oreal Paris Youth Code Essentials 7-In-1 Youth Renewal Night Cream
Patanjali Multani Mitti Face Pack,Eucerin Q10 Anti-Wrinkle Sensitive Care
Patanjali Multani Mitti Face Pack,Clinique Anti-Blemish Solutions Liquid Makeup
Patanjali Multani Mitti Face Pack,Garnier Skin Naturals Moisture Rescue Refreshing Gel-Cream
Patanjali Multani Mitti Face Pack,L'oreal Age Perfect Cell Renewal Miracle Blur
Patanjali Multani Mitti Face Pack,Olay Total Effects Anti-Aging Night Cream
Patanjali Multani Mitti Face Pack,Lancome Teint Idole Ultra Wearables Concealer
Patanjali Multani Mitti Face Pack,Olay Regenerist Micro-Sculpting Cream
Biotique Bio Morning Nectar Flawless Skin Moisturizer,Birla Shringar Skin Moisturizer
Biotique Bio Morning Nectar Flawless Skin Moisturizer,Botanics Skin Moisturizer
Biotique Bio Morning Nectar Flawless Skin Moisturizer,Blue Herbal Skin Moisturizer
Biotique Bio Morning Nectar Flawless Skin Moisturizer,Biotique Skin Moisturizer
Biotique Bio Morning Nectar Flawless Skin Moisturizer,Biogreen Skin Moisturizer
Biotique Bio Morning Nectar Flawless Skin Moisturizer,Bare Balance Skin Moisturizer
Biotique Bio Morning Nectar Flawless Skin Moisturizer,Clinique Skin Moisturizer
Biotique Bio Morning Nectar Flawless Skin Moisturizer,Cetaphil Skin Moisturizer
Biotique Bio Morning Nectar Flawless Skin Moisturizer,Cetaphil Skin Moisturizer
Biotique Bio Morning Nectar Flawless Skin Moisturizer,Clean & Clear Skin Moisturizer
Nivea Nourishing Body Milk,Nivea Body Milk
Nivea Nourishing Body Milk,Olay Body Milk
Nivea Nourishing Body Milk,Dove Body Milk
Nivea Nourishing Body Milk,Vaseline Body Milk
Nivea Nourishing Body Milk,Eucerin Body Milk
Nivea Nourishing Body Milk,Nivea Lip Care Body Milk
Nivea Nourishing Body Milk,Nivea Lip Butter Body Milk
Nivea Nourishing Body Milk,Nivea Men Body Milk
Nivea Nourishing Body Milk,Nivea Deodorant Body Milk
VLCC Papaya Fruit Facial Kit,VLCC Facial Kit
VLCC Papaya Fruit Facial Kit,VLCC Wild Berry
VLCC Papaya Fruit Facial Kit,VLCC Golden Glow
VLCC Papaya Fruit Facial Kit,VLCC Honey and Hibiscus
VLCC Papaya Fruit Facial Kit,VLCC Papaya and Herbal
VLCC Papaya Fruit Facial Kit,VLCC Khanda Khanda
VLCC Papaya Fruit Facial Kit,VLCC Face Cream
VLCC Papaya Fruit Facial Kit,VLCC Eye Cream
VLCC Papaya Fruit Facial Kit,VLCC Body Lotion
VLCC Papaya Fruit Facial Kit,VLCC Rose Gold Face Mist
Patanjali Saundarya Aloe Vera Gel Kesar Chandan,Patanjali Saundarya Aloe Vera Gel
Patanjali Saundarya Aloe Vera Gel Kesar Chandan,Patanjali Saundarya Face Pack
Patanjali Saundarya Aloe Vera Gel Kesar Chandan,Patanjali Saundarya Raw Banana
Patanjali Saundarya Aloe Vera Gel Kesar Chandan,Patanjali Saundarya Anti Acne Powder
Patanjali Saundarya Aloe Vera Gel Kesar Chandan,Patanjali Saundarya Sunflower Oil
Patanjali Saundarya Aloe Vera Gel Kesar Chandan,Chandan Aerosol
Patanjali Saundarya Aloe Vera Gel Kesar Chandan,Patanjali Saundarya Sattu
Patanjali Saundarya Aloe Vera Gel Kesar Chandan,Patanjali Saundarya Hair Care
Patanjali Saundarya Aloe Vera Gel Kesar Chandan,Patanjali Saundarya Tulsi Tulsi and Brahmi
Forest Essentials Facial Ubtan Multani Mitti,Soothing Aloe Green Clay Mask
Forest Essentials Facial Ubtan Multani Mitti,Activated Charcoal & Olive Facial Mask
Forest Essentials Facial Ubtan Multani Mitti,Charcoal & Spirulina Facial Mask
Forest Essentials Facial Ubtan Multani Mitti,Facial Toner
Forest Essentials Facial Ubtan Multani Mitti,Activated Charcoal & Olive Facial Mask
Forest Essentials Facial Ubtan Multani Mitti,Activated Charcoal & Spirulina Facial Mask
Forest Essentials Facial Ubtan Multani Mitti,Soothing Aloe Facial Mask
Forest Essentials Facial Ubtan Multani Mitti,Activated Charcoal & Olive Facial Mask
Forest Essentials Facial Ubtan Multani Mitti,Activated Charcoal & Spirulina Facial Mask
L'Oréal Paris Total Repair 5 Shampoo,L'Oréal Paris Shiny hair
L'Oréal Paris Total Repair 5 Shampoo,L'Oréal Paris Dry hair
L'Oréal Paris Total Repair 5 Shampoo,L'Oréal Paris Frizzy hair
L'Oréal Paris Total Repair 5 Shampoo,L'Oréal Paris Brittle hair
L'Oréal Paris Total Repair 5 Shampoo,L'Oréal Paris Weak hair
L'Oréal Paris Total Repair 5 Shampoo,L'Oréal Paris L'Oréal Paris Total Repair 5 Reconstructor
L'Oréal Paris Total Repair 5 Shampoo,Nioxin 3
L'Oréal Paris Total Repair 5 Shampoo,Nioxin System 3
L'Oréal Paris Total Repair 5 Shampoo,TIGI Organics Purify Shampoo
L'Oréal Paris Total Repair 5 Shampoo,TIGI Organics Purify Conditioner
L'Oréal Paris Total Repair 5 Shampoo,TIGI Organics Couple's Set
L'Oréal Paris Total Repair 5 Shampoo,TIGI Organics Wavies
L'Oréal Paris Total Repair 5 Shampoo,John Frieda Frizz Ease
L'Oréal Paris Total Repair 5 Shampoo,John Frieda Frizz Ease Thickening Lotion
Biotique Bio Green Apple Fresh Daily Purifying Shampoo and Conditioner,Kamalaya Kawa Kawa Shampoo and Conditioner
Biotique Bio Green Apple Fresh Daily Purifying Shampoo and Conditioner,Herbal Essences Hello Hydration Shampoo
Biotique Bio Green Apple Fresh Daily Purifying Shampoo and Conditioner,Conditioner
Biotique Bio Green Apple Fresh Daily Purifying Shampoo and Conditioner,Body Wash
Biotique Bio Green Apple Fresh Daily Purifying Shampoo and Conditioner,Mizani True Textures Naturals Shampoo and Conditioner
Himalaya Herbals Purifying Neem Mask,Himalaya Herbals Purifying Neem Scrub
Himalaya Herbals Purifying Neem Mask,Himalaya Herbals Soothing Aloe Herbal Face Mask
Himalaya Herbals Purifying Neem Mask,Himalaya Herbals Purifying Neem Scrub
Himalaya Herbals Purifying Neem Mask,Himalaya Herbals Soothing Aloe Herbal Face Mask
Himalaya Herbals Purifying Neem Mask,Himalaya Herbals Soothing Aloe Herbal Face Mask
Himalaya Herbals Purifying Neem Mask,Lush Fresh Cream
Patanjali Ayurveda Aloe Vera Gel,Kama Sutra Wise Cooling Cucumber Gel
Patanjali Ayurveda Aloe Vera Gel,L'Oreal Paris Advanced Suncare Sensitive Skin Sunscreen Cream for Very Dry Skin
Patanjali Ayurveda Aloe Vera Gel,Nivea Daily Protective Emulsion SPF 20
Patanjali Ayurveda Aloe Vera Gel,Neutrogena Hydroboost Hydrating Lightweight Moisturizer
Patanjali Ayurveda Aloe Vera Gel,Olay ProX Deep Moisture Night
Patanjali Ayurveda Aloe Vera Gel,Julep Gel Hydrating Rich Face Moisturizer
Lakmé Eyeconic Kajal,Lakmé Eyeconic Kajal
Lakmé Eyeconic Kajal,Max Factor Kajal
Lakmé Eyeconic Kajal,Maybelline New York Kajal
Lakmé Eyeconic Kajal,L'Oréal Paris Kajal
Kama Ayurveda Lavender Patchouli Hair Cleanser,L'Oreal Paris Extraordinaire Extra Volume Blow Dry Shot
Kama Ayurveda Lavender Patchouli Hair Cleanser,Kiehl's Ultra Facial Cream
Kama Ayurveda Lavender Patchouli Hair Cleanser,Kama Ayurveda Lavender Patchouli Hair Cleanser
Kama Ayurveda Lavender Patchouli Hair Cleanser,L'Oreal Paris Extraordinaire Anti-Frizz Hair Serum
Kama Ayurveda Lavender Patchouli Hair Cleanser,Kiehl's Creamy Body Wash
Forest Essentials Hair Thickening Spray Bhringraj,Avene Thermal Spring Water
Forest Essentials Hair Thickening Spray Bhringraj,Aveda Tourmaline Charged Hydrating Lotion
Forest Essentials Hair Thickening Spray Bhringraj,Hawaiian Silky 14 Day Leave-In Conditioner
Forest Essentials Hair Thickening Spray Bhringraj,Alterna Haircare Caviar Overnight Serum
Forest Essentials Hair Thickening Spray Bhringraj,Aveda Smooth Infusion Style Prep
Forest Essentials Hair Thickening Spray Bhringraj,Caudalie Quinoa Anti-Pollution Face Mask
Forest Essentials Hair Thickening Spray Bhringraj,Shaklee B-12 Vitamin Spray
Forest Essentials Hair Thickening Spray Bhringraj,Caudalie Glycolic Radiance Peel
Forest Essentials Hair Thickening Spray Bhringraj,Skinceuticals Clarifying Cleansing Gel
Forest Essentials Hair Thickening Spray Bhringraj,Good Skin by Kate Somerville
Forest Essentials Hair Thickening Spray Bhringraj,Maui Body Care Coconut Milk Moisturizer
Forest Essentials Hair Thickening Spray Bhringraj,Please enter a list of 10 beauty product names
Biotique Bio Honey Water Pore Tightening Toner,Biotique Bio Honey Water
Biotique Bio Honey Water Pore Tightening Toner,Aqua Skin Biotique Bio Toner
Biotique Bio Honey Water Pore Tightening Toner,Biotique Bio Honey Water Pore Tightening Toner
Biotique Bio Honey Water Pore Tightening Toner,Biofficina Toscana Rosa H2O
Biotique Bio Honey Water Pore Tightening Toner,The Body Shop Water Lily Toner
Biotique Bio Honey Water Pore Tightening Toner,Tata Harper Clarifying Toner
Biotique Bio Honey Water Pore Tightening Toner,Moisturizer
Biotique Bio Honey Water Pore Tightening Toner,Burt's Bees Moisturizer
Biotique Bio Honey Water Pore Tightening Toner,Lalicious Day & Night Cream
Biotique Bio Honey Water Pore Tightening Toner,The Body Shop Vitamin E Moisture Cream
Biotique Bio Honey Water Pore Tightening Toner,L'Occitane Shea Butter Moisture Cream
Patanjali Ayurveda Saundarya Aloe Vera Gel Kesar Chandan,Dove Aloe Vera Gel 
Patanjali Ayurveda Saundarya Aloe Vera Gel Kesar Chandan,Nivea Aloe Vera Gel 
Patanjali Ayurveda Saundarya Aloe Vera Gel Kesar Chandan,Pears Aloe Vera Gel 
Patanjali Ayurveda Saundarya Aloe Vera Gel Kesar Chandan,Lakme Aloe Vera Gel 
Patanjali Ayurveda Saundarya Aloe Vera Gel Kesar Chandan,Faces Aloe Vera Gel 
Patanjali Ayurveda Saundarya Aloe Vera Gel Kesar Chandan,Vaseline Aloe Vera Gel 
Patanjali Ayurveda Saundarya Aloe Vera Gel Kesar Chandan,Cetaphil Aloe Vera Gel 
Patanjali Ayurveda Saundarya Aloe Vera Gel Kesar Chandan,St Aloe Vera Gel 
Patanjali Ayurveda Saundarya Aloe Vera Gel Kesar Chandan,Ives Aloe Vera Gel 
Patanjali Ayurveda Saundarya Aloe Vera Gel Kesar Chandan,Johnson and Johnson Aloe Vera Gel 
Himalaya Herbals Purifying Neem Foaming Face Wash,Himalaya Herbals Purifying Neem Toner
Himalaya Herbals Purifying Neem Foaming Face Wash,Himalaya Herbals Purifying Neem Face Mask
Himalaya Herbals Purifying Neem Foaming Face Wash,Himalaya Herbals Purifying Neem Face Wash
Himalaya Herbals Purifying Neem Foaming Face Wash,Himalaya Herbals Purity Cream
Himalaya Herbals Purifying Neem Foaming Face Wash,Himalaya Herbals Purity Mask
Himalaya Herbals Purifying Neem Foaming Face Wash,Himalaya Herbals Purity Toner
Himalaya Herbals Purifying Neem Foaming Face Wash,Himalaya Herbals Purity Cream
Mamaearth Onion Hair Oil,Mamaearth Hair Macadamia Oil
Mamaearth Onion Hair Oil,Mamaearth Hair Moroccanoil
Mamaearth Onion Hair Oil,Mamaearth Hair Chi Hair Oil
Mamaearth Onion Hair Oil,Mamaearth Hair Suave Hair Care
Mamaearth Onion Hair Oil,Mamaearth Hair Moroccanoil Treatment
Mamaearth Onion Hair Oil,Mamaearth Hair Jamaican Black Castor Oil
Mamaearth Onion Hair Oil,Mamaearth Hair Camille Rose Naturals Coconut Oil
Aroma Magic Activated Bamboo Charcoal Face Pack,Aroma Magic Activated Black Soap
Aroma Magic Activated Bamboo Charcoal Face Pack,Pond's Sweat Charcoal Mask
Aroma Magic Activated Bamboo Charcoal Face Pack,Aroma Magic Activated Coconut Shells Face Pack
Aroma Magic Activated Bamboo Charcoal Face Pack,Aroma Magic Activated Coriander Face Pack
Aroma Magic Activated Bamboo Charcoal Face Pack,Aroma Magic Turmeric Face Pack
Aroma Magic Activated Bamboo Charcoal Face Pack,Aroma Magic Fenugreek Face Pack
Aroma Magic Activated Bamboo Charcoal Face Pack,Aroma Magic Activated Charcoal Face Pack
Aroma Magic Activated Bamboo Charcoal Face Pack,Pond's Activated Bamboo Charcoal Mask
Aroma Magic Activated Bamboo Charcoal Face Pack,Aroma Magic Activated Coconut Shells Face Pack
Aroma Magic Activated Bamboo Charcoal Face Pack,Aroma Magic Activated Charcoal Face Pack
Aroma Magic Activated Bamboo Charcoal Face Pack,Pond's Sweat Charcoal Mask
Himalaya Herbals Nourishing Skin Cream,The Body Shop Sakura Moisture Cream
Patanjali Ayurveda Haldi Chandan Kanti Soap,Khadi Sandal Soap
Patanjali Ayurveda Haldi Chandan Kanti Soap,Khadi Sandal Leaf
Patanjali Ayurveda Haldi Chandan Kanti Soap,Khadi Neem Leaf
Patanjali Ayurveda Haldi Chandan Kanti Soap,Khadi Nisha Soap
Patanjali Ayurveda Haldi Chandan Kanti Soap,Khadi Oudh
Patanjali Ayurveda Haldi Chandan Kanti Soap,Khadi Jaitun Aam
Patanjali Ayurveda Haldi Chandan Kanti Soap,Khadi Bahena Soap
Patanjali Ayurveda Haldi Chandan Kanti Soap,Khadi Bahena Leaf
Patanjali Ayurveda Haldi Chandan Kanti Soap,Khadi Arjun Soap
Patanjali Ayurveda Haldi Chandan Kanti Soap,Khadi Arjun Leaf
Patanjali Ayurveda Haldi Chandan Kanti Soap,Khadi Henna
Patanjali Ayurveda Haldi Chandan Kanti Soap,Khadi Henna Leaf
Forest Essentials Tejasvi Emulsion,Forest Essentials Tejasvi Night Cream
Forest Essentials Tejasvi Emulsion,Forest Essentials Tulsi Night Cream
Forest Essentials Tejasvi Emulsion,Forest Essentials Tulsi Emulsion
Forest Essentials Tejasvi Emulsion,Forest Essentials Tulsi Cream
Forest Essentials Tejasvi Emulsion,Forest Essentials Tulsi Night Cream
Forest Essentials Tejasvi Emulsion,Forest Essentials Tulsi Emulsion
Forest Essentials Tejasvi Emulsion,Forest Essentials Tulsi Day Cream
Forest Essentials Tejasvi Emulsion,Forest Essentials Tulsi Night Cream
Forest Essentials Tejasvi Emulsion,Forest Essentials Tulsi Emulsion
Forest Essentials Tejasvi Emulsion,Forest Essentials Tulsi Day Cream
Forest Essentials Tejasvi Emulsion,Forest Essentials Tulsi Cream
Lotus Herbals Whiteglow Skin Whitening & Brightening Gel Creme SPF 25 PA+++,Lotus Herbals Whiteglow Skin Whitening & Brightening Gel Creme SPF25 PA+++
Lotus Herbals Whiteglow Skin Whitening & Brightening Gel Creme SPF 25 PA+++,L'oreal Paris White Perfect Brightening Creme
VLCC Sandal Cleansing Milk,Nivea Gentle Cleansing Emulsion
VLCC Sandal Cleansing Milk,Pond's Wet Cleansing Tissues
VLCC Sandal Cleansing Milk,Nivea Gentle Cleansing Wipes
VLCC Sandal Cleansing Milk,Johnson's Baby Oil
VLCC Sandal Cleansing Milk,Garnier Clean+ Acne Control Clear Pore Wash
VLCC Sandal Cleansing Milk,Oilatum Intensive Cream
VLCC Sandal Cleansing Milk,Olay Lacura Sensitive day cream SPF 15
VLCC Sandal Cleansing Milk,Dove Sensitive Skin Beauty bar
VLCC Sandal Cleansing Milk,Neutrogena Hydrosport
VLCC Sandal Cleansing Milk,VLCC Sandal Cleansing Milk
Shahnaz Husain Shamoist Plus Intensive Moisturising Milk,Shahnaz Husain Almond Souffle
Shahnaz Husain Shamoist Plus Intensive Moisturising Milk,Shahnaz Husain Almond Delight
Shahnaz Husain Shamoist Plus Intensive Moisturising Milk,Shahnaz Husain Almond and Honey Souffle
Shahnaz Husain Shamoist Plus Intensive Moisturising Milk,Shahnaz Husain Shamoist Intensive Moisturizing Milk
Shahnaz Husain Shamoist Plus Intensive Moisturising Milk,Shahnaz Husain Shamoist Intensive Moisturizing Cream
Patanjali Ayurveda Saundarya Face Wash,L'Oreal Paris Youth Code Skin Renew Serum
Patanjali Ayurveda Saundarya Face Wash,Lancome Youth Energy
Patanjali Ayurveda Saundarya Face Wash,Clarins Double Serum
Patanjali Ayurveda Saundarya Face Wash,Clarins Pure Light
Patanjali Ayurveda Saundarya Face Wash,Clarins Gentle Milk Cleanser
Patanjali Ayurveda Saundarya Face Wash,Nivea Men Face Care
Patanjali Ayurveda Saundarya Face Wash,Nivea Men Sensitive Post Shave Balm
Patanjali Ayurveda Saundarya Face Wash,Nivea Men Face Wash
Forest Essentials Soundarya Radiance Cream with 24 Karat Gold and SPF 25,Forest Essentials Soundarya Radiance Cream with 24 Karat Gold and SPF 25
Forest Essentials Soundarya Radiance Cream with 24 Karat Gold and SPF 25,Olivella Sea Kelp Treatments
Forest Essentials Soundarya Radiance Cream with 24 Karat Gold and SPF 25,Lush Ultrabland
Forest Essentials Soundarya Radiance Cream with 24 Karat Gold and SPF 25,Dermalogica Oil Free Moisture
Forest Essentials Soundarya Radiance Cream with 24 Karat Gold and SPF 25,Burt's Bees Beeswax and Banana Conditioner
Forest Essentials Soundarya Radiance Cream with 24 Karat Gold and SPF 25,L'Oreal Paris Men Expert Hydra Energetic Shampoo
Forest Essentials Soundarya Radiance Cream with 24 Karat Gold and SPF 25,Aveda Pure Abundance Shampoo
Forest Essentials Soundarya Radiance Cream with 24 Karat Gold and SPF 25,L'Oreal Paris Men Expert Hydra Energetic Conditioner
Forest Essentials Soundarya Radiance Cream with 24 Karat Gold and SPF 25,L'Oreal Paris Men Expert Hydra Sensitive Shampoo
Forest Essentials Soundarya Radiance Cream with 24 Karat Gold and SPF 25,L'Oreal Paris Men Expert Hydra Sensitive Conditioner
L'Oreal Paris Colour Protect Shampoo,L'Oreal Paris Nourishing Mask
L'Oreal Paris Colour Protect Shampoo,Aveeno Moisturizing Shampoo
L'Oreal Paris Colour Protect Shampoo,Nivea Smooths Intensive Hair Mask
L'Oreal Paris Colour Protect Shampoo,John Frieda Frizz-Ease Shampoo
L'Oreal Paris Colour Protect Shampoo,TIGI Catwalk Session Series Volume Shampoo
L'Oreal Paris Colour Protect Shampoo,Batiste Dry Shampoo
L'Oreal Paris Colour Protect Shampoo,L'Oreal Paris Balancing Deep Conditioning Shampoo
L'Oreal Paris Colour Protect Shampoo,Nexxus Color Assure Smoothing Shampoo
L'Oreal Paris Colour Protect Shampoo,Pantene Pro-V Hairspa Moisture Renewal Shampoo
Dabur Amla Hair Oil,L'OREAL Hair Therapy
Dabur Amla Hair Oil,Amla Hair Oil
Dabur Amla Hair Oil,Dove Hair Therapy
Dabur Amla Hair Oil,L'Oreal Age Perfect Hair Oil
Dabur Amla Hair Oil,Head and Shoulders Hair Oil
Dabur Amla Hair Oil,Clinic Wellness Hair Oil
Mamaearth Ubtan Face Mask,Lush Face Mask
Mamaearth Ubtan Face Mask,Purpose Face Wipes
Mamaearth Ubtan Face Mask,Dragon's Blood Resurfacing Mask
Mamaearth Ubtan Face Mask,Peter Thomas Roth Glycolic Acid Treatment Mask
Mamaearth Ubtan Face Mask,Renee Rouleau Plant Stem Cell Face Mask
Mamaearth Ubtan Face Mask,Laneige Water Sleeping Mask
Mamaearth Ubtan Face Mask,Caudalie Vinoperfect Radiance Serum
Mamaearth Ubtan Face Mask,Rodial Dragon's Blood Soothing Mask
VLCC Snigdha Skin Whitening Serum,VLCC Skin Whitening Serum
VLCC Snigdha Skin Whitening Serum,Mirraw Skin Whitening Serum
VLCC Snigdha Skin Whitening Serum,Rajasthan Herbal Skin Whitening Serum
VLCC Snigdha Skin Whitening Serum,Khadi Skin Whitening Serum
VLCC Snigdha Skin Whitening Serum,Kama Skin Whitening Serum
VLCC Snigdha Skin Whitening Serum,Baba Fruit Skin Whitening Serum
VLCC Snigdha Skin Whitening Serum,Jovees Skin Whitening Serum
VLCC Snigdha Skin Whitening Serum,Fiama Di Wills Skin Whitening Serum
VLCC Snigdha Skin Whitening Serum,Jovees Skin Whitening Serum
Himalaya Herbals Gentle Exfoliating Walnut Scrub,Clinique Exfoliating Scrub
Himalaya Herbals Gentle Exfoliating Walnut Scrub,Ives Apricot Scrub
Himalaya Herbals Gentle Exfoliating Walnut Scrub,Nivea Citrus Exfoliating Body Wash
Himalaya Herbals Gentle Exfoliating Walnut Scrub,Ponds Cold Cream Cleanser
Himalaya Herbals Gentle Exfoliating Walnut Scrub,Johnson's Baby Oil
Himalaya Herbals Gentle Exfoliating Walnut Scrub,Lemon and Honey Scrub
Himalaya Herbals Gentle Exfoliating Walnut Scrub,Cetaphil Gentle Oil-Free Facial Scrub
Himalaya Herbals Gentle Exfoliating Walnut Scrub,Cetaphil Gentle Oil-Free Body Wash
Himalaya Herbals Gentle Exfoliating Walnut Scrub,Aveeno Daily Moisturizing Body Wash
Himalaya Herbals Gentle Exfoliating Walnut Scrub,Indulge Your Senses Mint Chocolate Scrub
Himalaya Herbals Gentle Exfoliating Walnut Scrub,Oral B Fresh Mint Therapy Toothpaste
Forest Essentials Madurai Jasmine & Mogra Ultra Rich Body Lotion,Johnson & Johnson - Baby Lotion
Forest Essentials Madurai Jasmine & Mogra Ultra Rich Body Lotion,L'oreal Kids - Baby Lotion
Forest Essentials Madurai Jasmine & Mogra Ultra Rich Body Lotion,Forest Essentials - Madurai Jasmine & Mogra Ultra Rich Body Lotion
Forest Essentials Madurai Jasmine & Mogra Ultra Rich Body Lotion,Johnson & Johnson - Baby Oil
Forest Essentials Madurai Jasmine & Mogra Ultra Rich Body Lotion,Johnson & Johnson - Baby Shampoo
Forest Essentials Madurai Jasmine & Mogra Ultra Rich Body Lotion,Johnson & Johnson - Baby Lotion
Forest Essentials Madurai Jasmine & Mogra Ultra Rich Body Lotion,Johnson & Johnson - Soft Lotion
Forest Essentials Madurai Jasmine & Mogra Ultra Rich Body Lotion,Johnson & Johnson - Skin Care Lotion
Forest Essentials Madurai Jasmine & Mogra Ultra Rich Body Lotion,Johnson & Johnson - Baby Shower Gel
Forest Essentials Madurai Jasmine & Mogra Ultra Rich Body Lotion,Johnson & Johnson - Baby wash
Kama Ayurveda Bringadi Intensive Hair Treatment Oil,Organix Recovvery from Color Washed
Kama Ayurveda Bringadi Intensive Hair Treatment Oil,Terrasoul Superfood Hair Mask
Kama Ayurveda Bringadi Intensive Hair Treatment Oil,Shea Moisture Black Soap Deep Cleansing Shampoo
Kama Ayurveda Bringadi Intensive Hair Treatment Oil,MaxGreen Rejuvinate Conditioner
Kama Ayurveda Bringadi Intensive Hair Treatment Oil,Laneige Water Sleeping Mask
Kama Ayurveda Bringadi Intensive Hair Treatment Oil,Carol's Daughter Black Vanilla Curl Enhancing Smoothie
Patanjali Herbal Kajal,Canmake Kajal
Patanjali Herbal Kajal,Model co Kajal
Patanjali Herbal Kajal,Sephora Kajal
Patanjali Herbal Kajal,Real techniques Kajal
Patanjali Herbal Kajal,Loreal Kajal
Patanjali Herbal Kajal,Benefit Kajal
Patanjali Herbal Kajal,Maybelline Kajal
Patanjali Herbal Kajal,Too cool for school Kajal
Patanjali Herbal Kajal,Urban decay Kajal
Patanjali Herbal Kajal,Tarte Kajal
Patanjali Herbal Kajal,Kiko Kajal
Biotique Bio Neem Purifying Face Wash,Biotique Bio Almond Face Scrub
Biotique Bio Neem Purifying Face Wash,Biotique Bio Neem Purifying Facial Scrub
Biotique Bio Neem Purifying Face Wash,Biotique Bio Gold Rose Facial Scrub
Biotique Bio Neem Purifying Face Wash,Biotique Bio Orange Facial Scrub
Biotique Bio Neem Purifying Face Wash,Biotique Bio Walnut Facial Scrub
Biotique Bio Neem Purifying Face Wash,Biotique Bio Lavender Facial Scrub
Biotique Bio Neem Purifying Face Wash,Biotique Bio Papaya Facial Scrub
Biotique Bio Neem Purifying Face Wash,Biotique Bio Aloe Facial Scrub
Biotique Bio Neem Purifying Face Wash,Biotique Bio Sandal Face Scrub
Biotique Bio Neem Purifying Face Wash,Biotique Bio Sandal Facial Scrub
Forest Essentials Kashmiri Walnut Gel Scrub,Charcoal
Forest Essentials Kashmiri Walnut Gel Scrub,Coconut Oil
Forest Essentials Kashmiri Walnut Gel Scrub,Walnut Shell
Forest Essentials Kashmiri Walnut Gel Scrub,Himalayan Salt
Forest Essentials Kashmiri Walnut Gel Scrub,Forest Essentials - Kashmiri Walnut Gel Scrub
Forest Essentials Kashmiri Walnut Gel Scrub,OILS OF EVOO-VOO
Forest Essentials Kashmiri Walnut Gel Scrub,l'oreal Paris Total Repair 5
Forest Essentials Kashmiri Walnut Gel Scrub,Phytomer - Osmose Shampoo
Forest Essentials Kashmiri Walnut Gel Scrub,Odacite - Prime
Forest Essentials Kashmiri Walnut Gel Scrub,Organic Surge - Shea Butter
Forest Essentials Kashmiri Walnut Gel Scrub,Shai - Carrot shampoo
Forest Essentials Kashmiri Walnut Gel Scrub,Natio - Rose Hibiscus
Forest Essentials Kashmiri Walnut Gel Scrub,Mighty Leaf - Immune
Forest Essentials Kashmiri Walnut Gel Scrub,L'OREAL PARIS- Total Repair 5
Forest Essentials Kashmiri Walnut Gel Scrub,Odacite - Prime
Forest Essentials Kashmiri Walnut Gel Scrub,Organic Surge - Shea Butter
Forest Essentials Kashmiri Walnut Gel Scrub,Mighty Leaf - Immune
Forest Essentials Kashmiri Walnut Gel Scrub,Shai - Carrot shampoo
Forest Essentials Kashmiri Walnut Gel Scrub,Natio - Rose Hibiscus
Forest Essentials Kashmiri Walnut Gel Scrub,Odacite Serum
Forest Essentials Kashmiri Walnut Gel Scrub,Organic Surge - Shea Butter
Forest Essentials Kashmiri Walnut Gel Scrub,Mighty Leaf - Immune
Forest Essentials Kashmiri Walnut Gel Scrub,Shai - Carrot shampoo
Forest Essentials Kashmiri Walnut Gel Scrub,Natio - Rose Hibiscus
Kama Ayurveda Kumkumadi Miraculous Beauty Fluid Ayurvedic Night Serum,Sukini Ayurveda Kumkumadi Miracle Night Cream
Kama Ayurveda Kumkumadi Miraculous Beauty Fluid Ayurvedic Night Serum,Sukini Ayurveda Kumkumadi Miracle Cream
Lakme Absolute Matte Melt Liquid Lip Color,L'Oreal Infallible Pro-Matte Lips
Lakme Absolute Matte Melt Liquid Lip Color,L'Oreal Infallible Pro-Matte Glossy Lip Color
Lakme Absolute Matte Melt Liquid Lip Color,L'Oreal Infallible Pro-Matte Rouge Collection
Lakme Absolute Matte Melt Liquid Lip Color,Maybelline Superstay Matte Ink
Lakme Absolute Matte Melt Liquid Lip Color,Maybelline Superstay Matte Ink in Sultry
Lakme Absolute Matte Melt Liquid Lip Color,Maybelline Superstay Ink Liquid Lip
Lakme Absolute Matte Melt Liquid Lip Color,Maybelline Superstay
Lakme Absolute Matte Melt Liquid Lip Color,Infinite Liquid Lip
Lakme Absolute Matte Melt Liquid Lip Color,Maybelline Colossal Big Shot Mascara
Lakme Absolute Matte Melt Liquid Lip Color,Maybelline The Colossal Mascara
Lakme Absolute Matte Melt Liquid Lip Color,Maybelline Volum' Express Pumped Up! Lush Volume
Lakme Absolute Matte Melt Liquid Lip Color,Rimmel London Match Perfection Foundation
Forest Essentials Facial Ubtan - Tejasvi Brightening & Lightening,Forest Essentials Facial Ubtan - Tejasvi Brightening & Lightening Seaweed Facial Ubtan
Lotus Herbals White Glow Skin Whitening & Brightening Gel Creme SPF 25,Nivea Whitening Day Cream SPF 25 PA++
Lotus Herbals White Glow Skin Whitening & Brightening Gel Creme SPF 25,Dior Skinflash Radiance Booster Gel
Lotus Herbals White Glow Skin Whitening & Brightening Gel Creme SPF 25,Chanel White Perfect Creme
Lotus Herbals White Glow Skin Whitening & Brightening Gel Creme SPF 25,Maybelline New York Dream Pure BB Cream
Lotus Herbals White Glow Skin Whitening & Brightening Gel Creme SPF 25,L'oreal Skin Perfection BB Cream
Lotus Herbals White Glow Skin Whitening & Brightening Gel Creme SPF 25,Estee Lauder DayWear Advanced Radiance Fluid
Lotus Herbals White Glow Skin Whitening & Brightening Gel Creme SPF 25,Laneige Bright Renewal Eye Cream
Lotus Herbals White Glow Skin Whitening & Brightening Gel Creme SPF 25,Shiseido White Lucent Intensive Spot Targeting Serum
Ayush Natural Fairness Saffron Face Cream,Avene Face Cream
Ayush Natural Fairness Saffron Face Cream,Giorgio Armani Face Cream
Ayush Natural Fairness Saffron Face Cream,Clinique Face Cream
Ayush Natural Fairness Saffron Face Cream,Melvita Face Cream
Ayush Natural Fairness Saffron Face Cream,Vichy Face Cream
Ayush Natural Fairness Saffron Face Cream,Aveeno Face Cream
Ayush Natural Fairness Saffron Face Cream,Neutrogena Face Cream
Ayush Natural Fairness Saffron Face Cream,Nivea Face Cream
Ayush Natural Fairness Saffron Face Cream,L'oreal Face Cream
Ayush Natural Fairness Saffron Face Cream,Nuxe Face Cream
Kama Ayurveda Rose Jasmine Face Cleanser,Ponds Face Cleanser
Kama Ayurveda Rose Jasmine Face Cleanser,Garnier Face Cleanser
Kama Ayurveda Rose Jasmine Face Cleanser,Olay Face Cleanser
Kama Ayurveda Rose Jasmine Face Cleanser,L'Oreal Face Cleanser
Kama Ayurveda Rose Jasmine Face Cleanser,Neutrogena Face Cleanser
Kama Ayurveda Rose Jasmine Face Cleanser,Biore Face Cleanser
Kama Ayurveda Rose Jasmine Face Cleanser,Cetaphil Face Cleanser
Kama Ayurveda Rose Jasmine Face Cleanser,Shiseido Face Cleanser
Kama Ayurveda Rose Jasmine Face Cleanser,Kiehl's Face Cleanser
Patanjali Ayurveda Saundarya Aloe Vera Gel,Lakme Naturals Sun Flower Body Lotion
Patanjali Ayurveda Saundarya Aloe Vera Gel,Loreal Skin Perfection
Patanjali Ayurveda Saundarya Aloe Vera Gel,Himalaya Neem Face Wash with Pure Neem
Patanjali Ayurveda Saundarya Aloe Vera Gel,Nivea Visage Clear Skin
Patanjali Ayurveda Saundarya Aloe Vera Gel,L'Oreal Paris Skin Perfect
Patanjali Ayurveda Saundarya Aloe Vera Gel,Fair and Lovely Cream
Patanjali Ayurveda Saundarya Aloe Vera Gel,Lakme Makeup Expert
Forest Essentials Tejasvi Emulsion - Advanced Lightening & Brightening Treatment,Forest Essentials Tejasvi Emulsion - Advanced Lightening & Brightening Treatment
Forest Essentials Tejasvi Emulsion - Advanced Lightening & Brightening Treatment,Tata Harper Resurfacing Mask
Mamaearth Tea Tree Face Wash,Clean and Clear  Face Wash
Mamaearth Tea Tree Face Wash,Cetaphil Face Wash
Mamaearth Tea Tree Face Wash,Clearasil Face Wash
Mamaearth Tea Tree Face Wash,Aveeno Face Wash
Mamaearth Tea Tree Face Wash,Neutrogena Face Wash
Mamaearth Tea Tree Face Wash,Toms of Maine Face Wash
Mamaearth Tea Tree Face Wash,Neutrogena Oil-Free Acne Face Wash
Mamaearth Tea Tree Face Wash,Clinique Face Wash
Mamaearth Tea Tree Face Wash,CeraVe Face Wash
Blue Nectar Ayurvedic Radiance Honey Face Wash,Burt's Bees Lemon Butter Cuticle Cream
Blue Nectar Ayurvedic Radiance Honey Face Wash,Johnson's Moisturizing Baby Lotion
Blue Nectar Ayurvedic Radiance Honey Face Wash,Elizabeth Arden Pro Collagen Firming Creme
Blue Nectar Ayurvedic Radiance Honey Face Wash,Palmer's Cocoa Butter Formula Massage Lotion
Blue Nectar Ayurvedic Radiance Honey Face Wash,L'Oreal Paris Ideal Skin Five in One BB Cream
Blue Nectar Ayurvedic Radiance Honey Face Wash,CeraVe Baby Cream
Blue Nectar Ayurvedic Radiance Honey Face Wash,Aveeno Baby Soothing Relief Cream
Blue Nectar Ayurvedic Radiance Honey Face Wash,Burt's Bees Natural Acne Solutions Purifying Gel
Blue Nectar Ayurvedic Radiance Honey Face Wash,Neutrogena T/Gel Shampoo
Blue Nectar Ayurvedic Radiance Honey Face Wash,Neutrogena T/Gel Daily Shave Gel
Kama Ayurveda Pure Rosewater,Gentle Eye Makeup Remover
Kama Ayurveda Pure Rosewater,Biore Pore Unclogging Scrub
Kama Ayurveda Pure Rosewater,Aveeno Clear Complexion Daily Cleansing Towelettes
Kama Ayurveda Pure Rosewater,Olay Complete Daily Defense Makeup Remover Cleansing Cloths
Kama Ayurveda Pure Rosewater,Origins Clear Improvement Active Charcoal Mask to Clear Skin
Kama Ayurveda Pure Rosewater,Lush Uk Fresh Face Mask
Kama Ayurveda Pure Rosewater,Ives Timeless Skin Facial Polish
Kama Ayurveda Pure Rosewater,L'Oreal Paris Men Expert Hydra Energetic Hydrating Cream
Kama Ayurveda Pure Rosewater,CeraVe Hydrating Cleanser
Kama Ayurveda Pure Rosewater,Aveeno Clear Complexion Daily Cleansing Towelettes
Forest Essentials Soundarya Radiance Cream with 24K Gold and SPF25,SkinCeuticals Blemish Clearing Cleanser
Forest Essentials Soundarya Radiance Cream with 24K Gold and SPF25,Clarins Skin Refinishing Cream
Forest Essentials Soundarya Radiance Cream with 24K Gold and SPF25,Garnier Ambre Solaire Clear Protect
Forest Essentials Soundarya Radiance Cream with 24K Gold and SPF25,Clinique Superprimer
Forest Essentials Soundarya Radiance Cream with 24K Gold and SPF25,Este Lauder Advanced Night Repair
Forest Essentials Soundarya Radiance Cream with 24K Gold and SPF25,Caudalie Beauty Elixer
Forest Essentials Soundarya Radiance Cream with 24K Gold and SPF25,L'Oreal Paris Revitalift Miracle Blur
Forest Essentials Soundarya Radiance Cream with 24K Gold and SPF25,Nivea Creme
Forest Essentials Soundarya Radiance Cream with 24K Gold and SPF25,Neutrogena Tinted Moisturizer
Jovees Herbal Anti-Acne Pimple Cream,Jovees Herbal Anti-Acne Pimple Cream
Jovees Herbal Anti-Acne Pimple Cream,L'oreal Paris Nude Magique Eau De Teint
Jovees Herbal Anti-Acne Pimple Cream,Murad Acne Complex Acne Control and Preventer
Jovees Herbal Anti-Acne Pimple Cream,L'oreal Paris Nude Magique Foundation
Jovees Herbal Anti-Acne Pimple Cream,L'oreal Paris Nude Magique Concealer
Jovees Herbal Anti-Acne Pimple Cream,NARS Pure Radiant Tinted Moisturizer
Jovees Herbal Anti-Acne Pimple Cream,NARS Radiant Creamy Concealer
Jovees Herbal Anti-Acne Pimple Cream,Clinique All About Eyes Rich Concealer
Jovees Herbal Anti-Acne Pimple Cream,MAC Studio Finish Concealer
Jovees Herbal Anti-Acne Pimple Cream,Laura Mercier Foundation Primer-Infused Concealer Broad Spectrum SPF 15
